Nomor,Acc No,Pengarang,judul,COPY,PENERBIT,TAHUN,Call Number, Tempat,ISBN
3.0,96-256,fred Zlotnick,The POSIX.1 Standard A Programmer's Guide,C.1,"CUMINGS PUBLISHING COMPANY, Ins",1991.0,621.39 zlo,california,0-8053-9605-5
4.0,96-257,fred Zlotnick,The POSIX.1 Standard A Programmer's Guide,C.2,"CUMINGS PUBLISHING COMPANY, Ins",1991.0,621.39 zlo,california,0-8056-9605-5
5.0,97-663,dep P&K,Bahaya Laten Komunisme di indonesia,C.2,PUSAT SEJARAH DAN TRADISI ABRI,1995.0,320 Dep v.1,jakarta,979-8816-02-1
9.0,497-181,Charles LaBelle,"Finding,Selecting,developing anf retaining data professionals through effective human resources management",C.2,VAN NOSTRAND REINHOLD COMPANY,1983.0,458.3 La,New york,0-442-26012-1
11.0,97-315,anne labastille,MAMA POC,C.2,W.W. NORTON&COMPANY,1990.0,598 LA,New york,0-393-02830-5
14.0,22-523,mellgren & michael ,new horizons in 4,V.4,ADDISON-WESLEY PUBLISHING COMPANY,1974.0,825 Me,california,0-201-04424-2
18.0,97-248,unix,system v interface definition,V.5,"UNIX SYSTEM LABORATORIES,INC",1991.0,621.3UN,USA,0-201-56656-7
19.0,22-116,BARBARA BUND JACKSON,COMPUTER MEODELS IN MANAGEMENT,C.2,"RICHARD D. IRWIN,INC",1979.0,621 JA,USA,0-256-02225-9
21.0,961-324,BRIAN T YATES,APPLICATIONS IN SELF- MANAGEMENT,C.4,WADSWORTH PUBLISHING COMPANY,1986.0,458 YA,california,0-534-05754-3
31.0,998-021,DOUGLAS ALLEN & NGO VINH LONG,Coming To Terms,C.3,westview press,1991.0,959 AL,oxford,0-8133-1222-1
33.0,97-382,DOUGLAS ALLEN & NGO VINH LONG,Coming To Terms,C.2,westview press,1991.0,959.AL,oxford,0-8133-1222-1
40.0,22-169,GROLIER INCORPORATED,ABOUT THE INDEX,V.20,GROLIER BUSINEES LIBRARY,1982.0,030 Gr,USA,0-7172-8511-1
49.0,26-020,ROBERT L . O'CONNEL,SACRED VESSELS,C.2,westview press,1991.0,911 OC,oxford,0-8133-1116-0
50.0,06-003,LARRY W.BOWMAN,MAURITIUS,C.5,westview press,1991.0,969.82 BO,LONDON,1-85521-248-X
51.0,98-024,LARRY W.BOWMAN,MAURITIUS,C.3,westview press,1991.0,969.82 BO,LONDON,1-85521-248-X
52.0,98-023,LARRY W.BOWMAN,MAURITIUS,C.2,westview press,1991.0,969.82 BO,LONDON,1-85521-248-X
54.0,98-025,LARRY W.BOWMAN,MAURITIUS,C.4,westview press,1991.0,969.82 BO,LONDON,1-85521-248-X
56.0,96-669,GARY C. JACOBSON,THE ELECTORAL ORIGINS OF DIVIDED GOVERNMENT,C.2,westview press,1990.0,324.9 JA,oxford,0-8133-0907-7
58.0,698-148,GUY SEGUIER,POWER ELECTRONIK CONVERTERS,C.2,McGRAW-HILL BOOK COMPANY,1986.0,621.31 SE,New york,0-07-056081-1
60.0,98-210,PAUL HOLM-PEDERSEN&HARALD LOE,GERIATRIC DENTISTRY,C.2,THE C.V. MOSBY COMPANY,1986.0,617.6 PE,washington,0-8016-2557-2
81.0,69-7251,LAWRENCE E. WILLIAMS,NUCLEAR MEDICAL PHYSICS,V.1,"CRC PRESS,INC",1987.0,616.0 WI,USA,0-8493-4678-9
85.0,18-137,DONALD E. KIESO,INTERMEDIATE ACCOUNTING IFRS EDITION,C.6,JOHN WILEY & SONS,2018.0,657 KIWE,SINGAPORE,978-1-119-37300-1
86.0,18-180,DONALD E. KIESO,INTERMEDIATE ACCOUNTING IFRS EDITION,C.16,JOHN WILEY & SONS,2018.0,657 KIWE,SINGAPORE,978-1-119-37300-1
87.0,18-182,DONALD E. KIESO,INTERMEDIATE ACCOUNTING IFRS EDITION,C.18,JOHN WILEY & SONS,2018.0,657 KIWE,SINGAPORE,978-1-119-37300-1
88.0,18-187,DONALD E. KIESO,INTERMEDIATE ACCOUNTING IFRS EDITION,C.23,JOHN WILEY & SONS,2018.0,657 KIWE,SINGAPORE,978-1-119-37300-1
89.0,18-183,DONALD E. KIESO,INTERMEDIATE ACCOUNTING IFRS EDITION,C.19,JOHN WILEY & SONS,2018.0,657 KIWE,SINGAPORE,978-1-119-37300-1
90.0,18-136,DONALD E. KIESO,INTERMEDIATE ACCOUNTING IFRS EDITION,C.5,JOHN WILEY & SONS,2018.0,657 KIWE,SINGAPORE,978-1-119-37300-1
91.0,18-135,DONALD E. KIESO,INTERMEDIATE ACCOUNTING IFRS EDITION,C.4,JOHN WILEY & SONS,2018.0,657 KIWE,SINGAPORE,978-1-119-37300-1
92.0,18-139,DONALD E. KIESO,INTERMEDIATE ACCOUNTING IFRS EDITION,C.8,JOHN WILEY & SONS,2018.0,657 KIWE,SINGAPORE,978-1-119-37300-1
93.0,18-132,DONALD E. KIESO,INTERMEDIATE ACCOUNTING IFRS EDITION,C.1,JOHN WILEY & SONS,2018.0,657 KIWE,SINGAPORE,978-1-119-37300-1
94.0,18-197,DONALD E. KIESO,INTERMEDIATE ACCOUNTING IFRS EDITION,C.33,JOHN WILEY & SONS,2018.0,657 KIWE,SINGAPORE,978-1-119-37300-1
95.0,18-196,DONALD E. KIESO,INTERMEDIATE ACCOUNTING IFRS EDITION,C.32,JOHN WILEY & SONS,2018.0,657 KIWE,SINGAPORE,978-1-119-37300-1
96.0,18-194,DONALD E. KIESO,INTERMEDIATE ACCOUNTING IFRS EDITION,C.30,JOHN WILEY & SONS,2018.0,657 KIWE,SINGAPORE,978-1-119-37300-1
97.0,18-193,DONALD E. KIESO,INTERMEDIATE ACCOUNTING IFRS EDITION,C.29,JOHN WILEY & SONS,2018.0,657 KIWE,SINGAPORE,978-1-119-37300-1
98.0,18-188,DONALD E. KIESO,INTERMEDIATE ACCOUNTING IFRS EDITION,C.24,JOHN WILEY & SONS,2018.0,657 KIWE,SINGAPORE,978-1-119-37300-1
99.0,18-191,DONALD E. KIESO,INTERMEDIATE ACCOUNTING IFRS EDITION,C.27,JOHN WILEY & SONS,2018.0,657 KIWE,SINGAPORE,978-1-119-37300-1
100.0,18-208,DONALD E. KIESO,INTERMEDIATE ACCOUNTING IFRS EDITION,C.44,JOHN WILEY & SONS,2018.0,657 KIWE,SINGAPORE,978-1-119-37300-1
101.0,18-207,DONALD E. KIESO,INTERMEDIATE ACCOUNTING IFRS EDITION,C.43,JOHN WILEY & SONS,2018.0,657 KIWE,SINGAPORE,978-1-119-37300-1
102.0,18-198,DONALD E. KIESO,INTERMEDIATE ACCOUNTING IFRS EDITION,C.34,JOHN WILEY & SONS,2018.0,657 KIWE,SINGAPORE,978-1-119-37300-1
103.0,18-203,DONALD E. KIESO,INTERMEDIATE ACCOUNTING IFRS EDITION,C.39,JOHN WILEY & SONS,2018.0,657 KIWE,SINGAPORE,978-1-119-37300-1
104.0,18-204,DONALD E. KIESO,INTERMEDIATE ACCOUNTING IFRS EDITION,C.40,JOHN WILEY & SONS,2018.0,657 KIWE,SINGAPORE,978-1-119-37300-1
105.0,15-139,WALTER T. HARRISON ,AKUNTANSI KEUANGAN ,"ED.8, V.2, C.3",PENERBIT ERLANGGA,2011.0,337.3 HA,jakarta,978-602-241-093-5
106.0,16-141,WALTER T. HARRISON ,AKUNTANSI KEUANGAN ,"ED.8, V.2",PENERBIT ERLANGGA,2011.0,337.3 HA,jakarta,978-602-241-093-5
107.0,16-142,WALTER T. HARRISON ,AKUNTANSI KEUANGAN ,"ED.8, V.2, C.1",PENERBIT ERLANGGA,2011.0,337.3 HA,jakarta,978-602-241-093-5
108.0,15-141,WALTER T. HARRISON ,AKUNTANSI KEUANGAN ,"ED.8, V.2, C.2",PENERBIT ERLANGGA,2011.0,337.3 HA,jakarta,978-602-241-093-5
109.0,15-090,WALTER T. HARRISON ,AKUNTANSI KEUANGAN ,"ED.8, V.1 C.4",PENERBIT ERLANGGA,2012.0,337.3 HA,jakarta,978-602-241-092-8
110.0,16-140,WALTER T. HARRISON ,AKUNTANSI KEUANGAN ,"ED.8, V.1 C.1",PENERBIT ERLANGGA,2012.0,373.3 HA,jakarta,978-602-241-092-8
111.0,16-139,WALTER T. HARRISON ,AKUNTANSI KEUANGAN ,"ED.8, V.1, C.3",PENERBIT ERLANGGA,2012.0,373.3 HA,jakarta,978-602-241-092-8
112.0,15-088,WALTER T. HARRISON ,AKUNTANSI KEUANGAN ,"ED.8, V.1, C.2",PENERBIT ERLANGGA,2012.0,373.3 HA,jakarta,978-602-241-092-8
113.0,17-243,ROBERT S. PINDYCK,MIKROEKONOMI,"ED.8, C.2",PENERBIT ERLANGGA,2014.0,338.5 PI 2017,jakarta,978-602-241-751-4
114.0,15-116,ROBERT S. PINDYCK,MIKROEKONOMI,"ED.8, C.3",PENERBIT ERLANGGA,2014.0,338.5 PI 2017,jakarta,978-602-241-751-4
115.0,17-241,ROBERT S. PINDYCK,MIKROEKONOMI,"ED.8, C.1",PENERBIT ERLANGGA,2014.0,338.5 PI 2017,jakarta,978-602-241-751-4
116.0,15-113,ROBERT S. PINDYCK,MIKROEKONOMI,"ED.8, C.4",PENERBIT ERLANGGA,2014.0,338.5 PI 2017,jakarta,978-602-241-751-4
117.0,12-149,JEFF MADURA,INTRODUCTION TO BUSINESS,"V.1, C.7",PENERBIT SALEMBA EMPAT,2014.0,338.5 PI 2017,jakarta,978-979-691-413-5
118.0,12-142 ,JEFF MADURA,INTRODUCTION TO BUSINESS,"V.1, C.2",PENERBIT SALEMBA EMPAT,2014.0,338.5 PI 2017,jakarta,978-979-691-413-5
119.0,16-170,MAHYUS EKANANDA,EKONOMI INTERNASIONAL,C.2,PENERBIT ERLANGGA,2014.0,437 EK,jakarta,978-602-298-261-6
120.0,16-169,MAHYUS EKANANDA,EKONOMI INTERNASIONAL,C.1,PENERBIT ERLANGGA,2014.0,437 EK,jakarta,978-602-298-261-6
122.0,15-038,MUDRAJAD KUNCORO,METODE RISET UNTUK BISNIS & EKONOMI,"ED.4, C.5",PENERBIT ERLANGGA,2013.0,650.072 KUN,jakarta,978-602-241-795-8
123.0,16-096,MUDRAJAD KUNCORO,METODE RISET UNTUK BISNIS & EKONOMI,"ED.4, C.4",PENERBIT ERLANGGA,2013.0,650.072 KUN,jakarta,978-602-241-795-8
124.0,16-098,MUDRAJAD KUNCORO,METODE RISET UNTUK BISNIS & EKONOMI,"ED.4, C.3",PENERBIT ERLANGGA,2013.0,650.072 KUN,jakarta,978-602-241-795-8
125.0,15-038,MUDRAJAD KUNCORO,METODE RISET UNTUK BISNIS & EKONOMI,"ED.4, C.2",PENERBIT ERLANGGA,2013.0,650.072 KUN,jakarta,978-602-241-795-8
126.0,15-037,MUDRAJAD KUNCORO,METODE RISET UNTUK BISNIS & EKONOMI,"ED.4, C.1",PENERBIT ERLANGGA,2013.0,650.072 KUN,jakarta,978-602-241-795-8
127.0,15-040,MUDRAJAD KUNCORO,METODE RISET UNTUK BISNIS & EKONOMI,"ED.4, C.7",PENERBIT ERLANGGA,2013.0,650.072 KUN,jakarta,978-602-241-795-8
128.0,15-039,MUDRAJAD KUNCORO,METODE RISET UNTUK BISNIS & EKONOMI,"ED.4, C.6",PENERBIT ERLANGGA,2013.0,650.072 KUN,jakarta,978-602-241-795-8
129.0,16-228,CHARLES T. HORNGREN,AKUNTANSI MANAJEMEN,"V.2, C.1",PENERBIT ERLANGGA,2016.0,657.9 HO,jakarta,978-602-298-824-3
130.0,18-003,CHARLES T. HORNGREN,AKUNTANSI MANAJEMEN,"V.2, ",PENERBIT ERLANGGA,2016.0,657.9 HO,jakarta,978-602-298-824-3
131.0,18-002,CHARLES T. HORNGREN,AKUNTANSI MANAJEMEN,"V.1, C.3",PENERBIT ERLANGGA,2016.0,657.9 HO,jakarta,978-602-298-824-3
132.0,18-001,CHARLES T. HORNGREN,AKUNTANSI MANAJEMEN,"V.1, C.2",PENERBIT ERLANGGA,2016.0,657.9 HO,jakarta,978-602-298-824-3
133.0,07-595,EARL K. STICE,INTERMEDIATE ACCOUNTING AKUNTANSI INTERMEDIATE,"V.2, C.1",PENERBIT SALEMBA EMPAT,2004.0,457.4 ST,jakarta,979-691-210-4
134.0,07-596,EARL K. STICE,INTERMEDIATE ACCOUNTING AKUNTANSI INTERMEDIATE,"V.2, C.2",PENERBIT SALEMBA EMPAT,2004.0,457.4 ST,jakarta,979-691-210-4
135.0,07-594,EARL K. STICE,INTERMEDIATE ACCOUNTING AKUNTANSI INTERMEDIATE,"V.1, C.4",PENERBIT SALEMBA EMPAT,2004.0,457.4 ST,jakarta,979-691-210-4
136.0,07-108,EARL K. STICE,INTERMEDIATE ACCOUNTING AKUNTANSI INTERMEDIATE,"V.1, C.2",PENERBIT SALEMBA EMPAT,2004.0,457.4 ST,jakarta,979-691-210-4
137.0,17-034,BUDI FRENSIDY,MATEMATIKA KEUANGAN,C.4,PENERBIT SALEMBA EMPAT,2008.0,510 FR,jakarta,978-979-061-091
138.0,17-032,BUDI FRENSIDY,MATEMATIKA KEUANGAN,C.1,PENERBIT SALEMBA EMPAT,2008.0,510 FR,jakarta,978-979-061-091
139.0,17-033,BUDI FRENSIDY,MATEMATIKA KEUANGAN,C.2,PENERBIT SALEMBA EMPAT,2008.0,510 FR,jakarta,978-979-061-091
140.0,17-035,BUDI FRENSIDY,MATEMATIKA KEUANGAN,C.3,PENERBIT SALEMBA EMPAT,2008.0,510 FR,jakarta,978-979-061-091
142.0,07-575,CHARLES W. LAMB,PEMASARAN,"V.2, C.1",PENERBIT SALEMBA EMPAT,2001.0,458.8 LA,jakarta,979-691-080-2
143.0,07-578,CHARLES W. LAMB,PEMASARAN,"V.2, C.4",PENERBIT SALEMBA EMPAT,2001.0,458.8 LA,jakarta,979-691-080-2
144.0,07-093,CHARLES W. LAMB,PEMASARAN,"V.2, C.3",PENERBIT SALEMBA EMPAT,2001.0,458.8 LA,jakarta,979-691-080-2
145.0,07-565,CHARLES W. LAMB,PEMASARAN,"V.2, C.1",PENERBIT SALEMBA EMPAT,2001.0,458.8 LA,jakarta,979-691-080-2
146.0,07-566,CHARLES W. LAMB,PEMASARAN,"V.1, C.2",PENERBIT SALEMBA EMPAT,2001.0,458.8 LA,jakarta,979-691-080-2
147.0,07-567,CHARLES W. LAMB,PEMASARAN,"V.1, C.3",PENERBIT SALEMBA EMPAT,2001.0,458.8 LA,jakarta,979-691-080-2
148.0,07-084,CHARLES W. LAMB,PEMASARAN,"V.1, C.4",PENERBIT SALEMBA EMPAT,2001.0,458.8 LA,jakarta,979-691-080-2
149.0,18-155,FLOYD A. BEAMS,ADVANCED ACCOUNTING,C.13,PEARSON,2018.0,657 BE,MALAYSIA,978-1-292-21459-7
150.0,18-154,FLOYD A. BEAMS,ADVANCED ACCOUNTING,C.12,PEARSON,2018.0,657 BE,MALAYSIA,978-1-292-21459-7
151.0,18-153,FLOYD A. BEAMS,ADVANCED ACCOUNTING,C.11,PEARSON,2018.0,657 BE,MALAYSIA,978-1-292-21459-7
152.0,18-156,FLOYD A. BEAMS,ADVANCED ACCOUNTING,C.14,PEARSON,2018.0,657 BE,MALAYSIA,978-1-292-21459-7
153.0,18-161,FLOYD A. BEAMS,ADVANCED ACCOUNTING,C.19,PEARSON,2018.0,657 BE,MALAYSIA,978-1-292-21459-7
154.0,18-159,FLOYD A. BEAMS,ADVANCED ACCOUNTING,C.17,PEARSON,2018.0,657 BE,MALAYSIA,978-1-292-21459-7
155.0,18-158,FLOYD A. BEAMS,ADVANCED ACCOUNTING,C.16,PEARSON,2018.0,657 BE,MALAYSIA,978-1-292-21459-7
156.0,18-157,FLOYD A. BEAMS,ADVANCED ACCOUNTING,C.15,PEARSON,2018.0,657 BE,MALAYSIA,978-1-292-21459-7
157.0,18-152,FLOYD A. BEAMS,ADVANCED ACCOUNTING,C.10,PEARSON,2018.0,657 BE,MALAYSIA,978-1-292-21459-7
158.0,18-151,FLOYD A. BEAMS,ADVANCED ACCOUNTING,C.9,PEARSON,2018.0,657 BE,MALAYSIA,978-1-292-21459-7
159.0,18-149,FLOYD A. BEAMS,ADVANCED ACCOUNTING,C.7,PEARSON,2018.0,657 BE,MALAYSIA,978-1-292-21459-7
160.0,18-148,FLOYD A. BEAMS,ADVANCED ACCOUNTING,C.6,PEARSON,2018.0,657 BE,MALAYSIA,978-1-292-21459-7
161.0,18-147,FLOYD A. BEAMS,ADVANCED ACCOUNTING,C.5,PEARSON,2018.0,657 BE,MALAYSIA,978-1-292-21459-7
162.0,18-146,FLOYD A. BEAMS,ADVANCED ACCOUNTING,C.4,PEARSON,2018.0,657 BE,MALAYSIA,978-1-292-21459-7
163.0,18-144,FLOYD A. BEAMS,ADVANCED ACCOUNTING,C.2,PEARSON,2018.0,657 BE,MALAYSIA,978-1-292-21459-7
164.0,18-172,FLOYD A. BEAMS,ADVANCED ACCOUNTING,C.30,PEARSON,2018.0,657 BE,MALAYSIA,978-1-292-21459-7
165.0,18-174,FLOYD A. BEAMS,ADVANCED ACCOUNTING,C.32,PEARSON,2018.0,657 BE,MALAYSIA,978-1-292-21459-7
166.0,18-173,FLOYD A. BEAMS,ADVANCED ACCOUNTING,C.31,PEARSON,2018.0,657 BE,MALAYSIA,978-1-292-21459-7
167.0,18-171,FLOYD A. BEAMS,ADVANCED ACCOUNTING,C.29,PEARSON,2018.0,657 BE,MALAYSIA,978-1-292-21459-7
168.0,18-169,FLOYD A. BEAMS,ADVANCED ACCOUNTING,C.27,PEARSON,2018.0,657 BE,MALAYSIA,978-1-292-21459-7
169.0,18-167,FLOYD A. BEAMS,ADVANCED ACCOUNTING,C.25,PEARSON,2018.0,657 BE,MALAYSIA,978-1-292-21459-7
170.0,18-166,FLOYD A. BEAMS,ADVANCED ACCOUNTING,C.24,PEARSON,2018.0,657 BE,MALAYSIA,978-1-292-21459-7
171.0,18-165,FLOYD A. BEAMS,ADVANCED ACCOUNTING,C.23,PEARSON,2018.0,657 BE,MALAYSIA,978-1-292-21459-7
172.0,18-164,FLOYD A. BEAMS,ADVANCED ACCOUNTING,C.22,PEARSON,2018.0,657 BE,MALAYSIA,978-1-292-21459-7
173.0,18-163,FLOYD A. BEAMS,ADVANCED ACCOUNTING,C.21,PEARSON,2018.0,657 BE,MALAYSIA,978-1-292-21459-7
174.0,18-162,FLOYD A. BEAMS,ADVANCED ACCOUNTING,C.20,PEARSON,2018.0,657 BE,MALAYSIA,978-1-292-21459-7
175.0,10-983,BLOCHER,COST MANAGEMENT MANAJEMEN BIAYA PENEKANAN STRATEGIS,"V.1, C.3",PENERBIT SALEMBA EMPAT,2007.0,458.6 BL,jakarta,978-979-691-513-2
176.0,10-306,BLOCHER,COST MANAGEMENT MANAJEMEN BIAYA PENEKANAN STRATEGIS,"V.1, C.6",PENERBIT SALEMBA EMPAT,2007.0,458.6 BL,jakarta,978-979-691-513-2
177.0,11-049,BLOCHER,COST MANAGEMENT MANAJEMEN BIAYA PENEKANAN STRATEGIS,"V.1, C.5",PENERBIT SALEMBA EMPAT,2007.0,458.6 BL,jakarta,978-979-691-513-2
178.0,10-982,BLOCHER,COST MANAGEMENT MANAJEMEN BIAYA PENEKANAN STRATEGIS,"V.1, C.4",PENERBIT SALEMBA EMPAT,2007.0,458.6 BL,jakarta,978-979-691-513-2
179.0,10-308,BLOCHER,COST MANAGEMENT MANAJEMEN BIAYA PENEKANAN STRATEGIS,"V.1, C.2",PENERBIT SALEMBA EMPAT,2007.0,458.6 BL,jakarta,978-979-691-513-2
180.0,11-050,BLOCHER,COST MANAGEMENT MANAJEMEN BIAYA PENEKANAN STRATEGIS,"V.1, C.1",PENERBIT SALEMBA EMPAT,2007.0,458.6 BL,jakarta,978-979-691-513-2
181.0,10-984,BLOCHER,COST MANAGEMENT MANAJEMEN BIAYA PENEKANAN STRATEGIS,"V.1, C.7",PENERBIT SALEMBA EMPAT,2007.0,458.6 BL,jakarta,978-979-691-513-2
182.0,07-004, Suharyadi, Statistika untuk ekonomi dan keuangan modern,"V.1, C.1",PENERBIT SALEMBA EMPAT,2007.0,519.5 SU,jakarta,978-979-691-424-1
183.0,07-005,Suharyadi,Statistika untuk ekonomi dan keuangan modren,"V.1, C.2",PENERBIT SALEMBA EMPAT,2007.0,519.5 SU,jakarta,978-979-691-424-1
184.0,07-006,Suharyadi,Statistika untuk ekonomi dan keuangan modren,"V.1, C.3",PENERBIT SALEMBA EMPAT,2007.0,519.5 SU,jakarta,978-979-691-424-1
185.0,07-656,Suharyadi,Statistika untuk ekonomi dan keuangan modren,"V.1, C.4",PENERBIT SALEMBA EMPAT,2007.0,519.5 SU ,jakarta,978-979-691-424-1
186.0,07-662,Suharyadi,Statistika untuk ekonomi dan keuangan modren,"V.1, C.5",PENERBIT SALEMBA EMPAT,2007.0,519.5 SU,jakarta,978-979-691-424-1
187.0,10-971,Boone & Kurtz,Contemporary Business ( pengantar bisnis kontemporer ),"V.1, C.1",PENERBIT SALEMBA EMPAT,2007.0,450 BO,jakarta,978-979-061-016-3
188.0,10-970,Boone & Kurtz,Contemporary Business ( pengantar bisnis kontemporer ),V.1 ,PENERBIT SALEMBA EMPAT,2007.0,450 BO,jakarta,978-979-061-016-3
189.0,16-067,"Prof. Dr. Abdul Halim, M.B.A., Akt.",SISTEM AKUNTANSI SEKTOR PUBLIK, V.1,UPP STIM YKPN,2010.0,430 HA,Yogyakarta,978-979-3532-42-4
190.0,15-117,"Drs. Deliarnov, M.Sc.",EKONOMI POLITIK, C.1,PENERBIT ERLANGGA,2006.0,335-001 DE ,jakarta,979-781-539-0
191.0,08-117,"Rollin Niswonger, CPA,Ph.D, LLD.",PRINSIP-PRINSIP AKUNTANSI,V.2,PENERBIT ERLANGGA,1999.0,457 NI,jakarta,979-411-729-3
192.0,147-004,"Rollin Niswonger, CPA,Ph.D, LLD.",PRINSIP-PRINSIP AKUNTANSI,C-2,PENERBIT ERLANGGA,1999.0,457 NI,jakarta,979-411-729-3
193.0,15-110,CHARLES T. HORNGREN,AKUNTANSI BIAYA PENEKANAN MANAJERIAL ,"ED.12, V.2,C.2",PENERBIT ERLANGGA,2006.0,336.04 HO,jakarta,978-979-075-116-3
194.0, 15-112,CHARLES T. HORNGREN,AKUNTANSI BIAYA PENEKANAN MANAJERIAL ,"ED.12, V.2,C.3",PENERBIT ERLANGGA,2006.0,336.04 HO,jakarta,978-979-075-116-3
195.0,16-217,EUGENE F. Brigham ,FINANCIAL MANAGEMENT,C.4,CENGAGE LEARNING ,2015.0,658 BR ,USA,978-981-4441-37-7
197.0,17-169,EUGENE F. Brigham ,FINANCIAL MANAGEMENT,C.2,CENGAGE LEARNING ,2015.0,658 BR ,USA,978-981-4441-37-7
198.0,17-168,EUGENE F. Brigham ,FINANCIAL MANAGEMENT,C.1,CENGAGE LEARNING ,2015.0,658 BR ,USA,978-981-4441-37-7
200.0,16-094,INDRA BASTIAN,AKUNTANSI UNTUK KECAMATAN & DESA,C.1,PENERBIT ERLANGGA,2015.0,457.8 BA,jakarta,978-602-298-349-1
201.0,16-093,INDRA BASTIAN,AKUNTANSI UNTUK KECAMATAN & DESA,C.2,PENERBIT ERLANGGA,2015.0,457.8 BA,jakarta,978-602-298-349-1
202.0,05-034,JAMES A.O'BRIEN,PENGANTAR SISTEM INFORMASI PRESPEKTIF BISNIS DAN MANAJERIAL,C.1,PENERBIT SALEMBA EMPAT,2005.0,621.3 O'B,jakarta,979-691-223-6
203.0,05-035,JAMES A.O'BRIEN,PENGANTAR SISTEM INFORMASI PRESPEKTIF BISNIS DAN MANAJERIAL,C.2,PENERBIT SALEMBA EMPAT,2005.0,621.3 O'B,jakarta,979-691-223-6
204.0,10-293,RICHARD E. BAKER,ADVANCED FINANCIAL ACCOUNTING,V.1,PENERBIT SALEMBA EMPAT,2005.0,457.4 BA,jakarta,979-691-237-6
205.0,10-295,RICHARD E. BAKER,ADVANCED FINANCIAL ACCOUNTING,V.2,PENERBIT SALEMBA EMPAT,2005.0,457.4 BA,jakarta,979-691-237-6
206.0,10-296,RICHARD E. BAKER,ADVANCED FINANCIAL ACCOUNTING,C.1,PENERBIT SALEMBA EMPAT,2005.0,457.4 BA,jakarta,979-691-237-6
207.0,07-128,RICHARD E. BAKER,ADVANCED FINANCIAL ACCOUNTING,C.2,PENERBIT SALEMBA EMPAT,2005.0,457.4 BA,jakarta,979-691-237-6
208.0,13-081,R.WAYHE MONDY,MANAJEMEN SUMBER DAYA MANUSIA,"V.2,C.1",PENERBIT ERLANGGA,2008.0,458.31 MO,jakarta,978-0-13-222595-3
209.0,13-080,R.WAYHE MONDY,MANAJEMEN SUMBER DAYA MANUSIA,V.2,PENERBIT ERLANGGA,2008.0,458.31 MO,jakarta,978-0-13-222595-3
210.0,13-078,R.WAYHE MONDY,MANAJEMEN SUMBER DAYA MANUSIA,V.1,PENERBIT ERLANGGA,2008.0,458.31 MO,jakarta,978-0-13-222595-3
211.0,16-167,INDRA BASTIAN,AKUNTANSI UNTUK LSM DAN PARTAI POLITIK,C.1,PENERBIT ERLANGGA,2007.0,457.8 BA,jakarta,978-979-015-437-7
212.0,16-166,INDRA BASTIAN,AKUNTANSI UNTUK LSM DAN PARTAI POLITIK,C.2,PENERBIT ERLANGGA,2007.0,457.8 BA,jakarta,978-979-015-437-7
214.0,16-078,MINTARDJO,ADMINISTRASI BANK MANUAL OPERASIONAL KANTOR CABANG,C.4,PENERBIT ERLANGGA,2013.0,432.2 MI,jakarta,978-602-241-501-5
215.0,16-077,MINTARDJO,ADMINISTRASI BANK MANUAL OPERASIONAL KANTOR CABANG,C.3,PENERBIT ERLANGGA,2013.0,432.2 MI,jakarta,978-602-241-501-5
216.0,16-076,MINTARDJO,ADMINISTRASI BANK MANUAL OPERASIONAL KANTOR CABANG,C.2,PENERBIT ERLANGGA,2013.0,432.2 MI,jakarta,978-602-241-501-5
217.0,16-075,MINTARDJO,ADMINISTRASI BANK MANUAL OPERASIONAL KANTOR CABANG,C.1,PENERBIT ERLANGGA,2013.0,432.2 MI,jakarta,978-602-241-501-5
222.0,11-024,OAULUS SITUMORANG,PENGANTAR PASAR MODAL,C.1,PENERBIT MITRA MACANA MEDIA,2008.0,432.6 SI,jakarta,978-979-1092-72-2
223.0,12-151,JEFF MADURA,INTRODUCTION TO BUSINESS,"V.1,C.9",PENERBIT SALEMBA EMPAT,2007.0,458 MA,jakarta,978-979-691-413-5
224.0,12-148,JEFF MADURA,INTRODUCTION TO BUSINESS,"V.1,C.6",PENERBIT SALEMBA EMPAT,2007.0,458 MA,jakarta,978-979-691-413-5
225.0,12-143,JEFF MADURA,INTRODUCTION TO BUSINESS,"V.1,C.1",PENERBIT SALEMBA EMPAT,2007.0,458 MA,jakarta,978-979-691-413-5
227.0,07-601,PHILIP KOTLER,MANAJEMEN PEMASARAN,"V.2,C.3",PT INDEX KELOMPOK GRAMEDIA,2005.0,458.8 KO,jakarta,979-683-750-1
230.0,12-033,MAGDALENA SUKARTONO,PERNIK-PERNIK &DUNIA KERJA,C.1,PENERBIT ANDI ,2008.0,158.1 SU,Yogyakarta,979-763-973-8
231.0,17-055,HUSAINI USMAN,PENGANTAR STATISTIKA,C.1,BUMI PERKASA,2012.0,515.5 US,jakarta,979-526-222-X
233.0,05-042,DONALD E. KIESO,AKUNTANSI INTERMEDIATE,V.1,PENERBIT ERLANGGA,2002.0,457.4 KI,jakarta,979-688-449-6
236.0,07-096,RICHARD E. BAKER,ADVANCED FINANCIAL ACCOUNTING,C.3 V.1,PENERBIT SALEMBA EMPAT,2005.0,457 BA,jakarta,979-691-238-4
237.0,07-095,RICHARD E. BAKER,ADVANCED FINANCIAL ACCOUNTING,C.2 V.1,PENERBIT SALEMBA EMPAT,2005.0,457 BA,jakarta,979-691-238-4
238.0,10-294,RICHARD E. BAKER,ADVANCED FINANCIAL ACCOUNTING,V.1 C.1 ,PENERBIT SALEMBA EMPAT,2005.0,457 BA ,jakarta,979-691-238-4
241.0,11-029,MOHAMAD SAMSUL,PASAR MODAL DAN MANAJEMEN PORTOFOLIO,C.1,PENERBIT ERLANGGA,2006.0,432.6 SA,jakarta,979-781-685-0
243.0,12-048,THOMAS W. ZIMMERER,KEWIRAUSAHAAN DAN MANAJEMEN USAHA KECIL,"V.1, C.6",PENERBIT SALEMBA EMPAT,2008.0,458 ZI,jakarta,978-979-691-447-7
244.0,12-047,THOMAS W. ZIMMERER,KEWIRAUSAHAAN DAN MANAJEMEN USAHA KECIL,"V.1,C.5",PENERBIT SALEMBA EMPAT,2008.0,458 ZI,jakarta,978-979-691-447-7
246.0,16-123,CHRISTOPHER LOVELOCK,"PEMASARAN JASA MANUSIA, TEKNOLOGI, STRATEGI",C.4,PENERBIT ERLANGGA,2011.0,658.8 LO,jakarta,978-979-099-474-4
247.0,16-121,CHRISTOPHER LOVELOCK,"PEMASARAN JASA MANUSIA, TEKNOLOGI, STRATEGI",C.2,PENERBIT ERLANGGA,2011.0,658.8 LO,jakarta,978-979-099-474-4
248.0,12-051,THOMAS W. ZIMMERER,KEWIRAUSAHAAN DAN MANAJEMEN USAHA KECIL,"V.1,C.9",PENERBIT SALEMBA EMPAT,2008.0,458 ZI,jakarta,978-979-691-477-7
249.0,12-050,THOMAS W. ZIMMERER,KEWIRAUSAHAAN DAN MANAJEMEN USAHA KECIL,V.1.C.8,PENERBIT SALEMBA EMPAT,2008.0,458 ZI,jakarta,978-979-691-477-7
250.0,12-049,THOMAS W. ZIMMERER,KEWIRAUSAHAAN DAN MANAJEMEN USAHA KECIL,"V.1,C.7",PENERBIT SALEMBA EMPAT,2008.0,458 ZI,jakarta,978-979-691-477-7
251.0,11-028,THOMAS W. ZIMMERER,KEWIRAUSAHAAN DAN MANAJEMEN USAHA KECIL,"V.1,C.4",PENERBIT SALEMBA EMPAT,2008.0,458 ZI,jakarta,978-979-691-477-7
252.0,11-027,THOMAS W. ZIMMERER,KEWIRAUSAHAAN DAN MANAJEMEN USAHA KECIL,"V.1,C.3",PENERBIT SALEMBA EMPAT,2008.0,458 ZI,jakarta,978-979-691-477-7
253.0,10-980,THOMAS W. ZIMMERER,KEWIRAUSAHAAN DAN MANAJEMEN USAHA KECIL,"V.1,C.1",PENERBIT SALEMBA EMPAT,2008.0,458 ZI,jakarta,978-979-691-477-7
254.0,10-979,THOMAS W. ZIMMERER,KEWIRAUSAHAAN DAN MANAJEMEN USAHA KECIL,V.1,PENERBIT SALEMBA EMPAT,2008.0,458 ZI,jakarta,978-979-691-477-7
255.0,17-261,MOHAMAD SAMSUL,PASAR MODAL DAN MANAJEMEN PORTOFOLIO EDISI II,C.8,PENERBIT ERLANGGA,2015.0,332.6 SA ,jakarta,978-602-298-012-4
256.0,17-262,MOHAMAD SAMSUL,PASAR MODAL DAN MANAJEMEN PORTOFOLIO EDISI II,C.9,PENERBIT ERLANGGA,2015.0,332.6 SA ,jakarta,978-602-298-012-4
257.0,17-264,MOHAMAD SAMSUL,PASAR MODAL DAN MANAJEMEN PORTOFOLIO EDISI II,C.10,PENERBIT ERLANGGA,2015.0,332.6 SA ,jakarta,978-602-298-012-4
258.0,17-261,MOHAMAD SAMSUL,PASAR MODAL DAN MANAJEMEN PORTOFOLIO EDISI II,C.5,PENERBIT ERLANGGA,2015.0,332.6 SA ,jakarta,978-602-298-012-4
259.0,17-262,MOHAMAD SAMSUL,PASAR MODAL DAN MANAJEMEN PORTOFOLIO EDISI II,C.6 ,PENERBIT ERLANGGA,2015.0,332.6 SA ,jakarta,978-602-298-012-4
260.0,17-263,MOHAMAD SAMSUL,PASAR MODAL DAN MANAJEMEN PORTOFOLIO EDISI II,C.7,PENERBIT ERLANGGA,2015.0,332.6 SA ,jakarta,978-602-298-012-4
262.0,17-257,MOHAMAD SAMSUL,PASAR MODAL DAN MANAJEMEN PORTOFOLIO EDISI II,C.1,PENERBIT ERLANGGA,2015.0,332.6 SA ,jakarta,978-602-298-012-4
263.0,17-258,MOHAMAD SAMSUL,PASAR MODAL DAN MANAJEMEN PORTOFOLIO EDISI II,C.2,PENERBIT ERLANGGA,2015.0,332.6 SA ,jakarta,978-602-298-012-4
264.0,17-259,MOHAMAD SAMSUL,PASAR MODAL DAN MANAJEMEN PORTOFOLIO EDISI II,C.3,PENERBIT ERLANGGA,2015.0,332.6 SA ,jakarta,978-602-298-012-4
265.0,17-260,MOHAMAD SAMSUL,PASAR MODAL DAN MANAJEMEN PORTOFOLIO EDISI II,C.4,PENERBIT ERLANGGA,2015.0,332.6 SA ,jakarta,978-602-298-012-4
267.0,17-231,J. SUPRANTO,STATISTIK TEORI & APLIKASI,C.4,PENERBIT ERLANGGA,2016.0,310 SU,jakarta,978-602-298-565-5
268.0,14-224,J. SUPRANTO,STATISTIK TEORI & APLIKASI,"V.2,C.2",PENERBIT ERLANGGA,2009.0,519.5 SU,jakarta,978-979-033-738-1
269.0,14-241,J. SUPRANTO,STATISTIK TEORI & APLIKASI,"V.1,C.2",PENERBIT ERLANGGA,2008.0,519.5 SU,jakarta,978-979-033-461-8
270.0,16-157,MOHAMAD SAMSUL,PASAR MODAL DAN MANAJEMEN PORTOFOLIO EDISI II,C.2,PENERBIT ERLANGGA,2015.0,332.6 SA ,jakarta,978-602-298-012-4
271.0,16-155,MOHAMAD SAMSUL,PASAR MODAL DAN MANAJEMEN PORTOFOLIO EDISI II,C.1,PENERBIT ERLANGGA,2015.0,332.6 SA ,jakarta,978-602-298-012-4
273.0,16-070,JAMES T. MCCLAVE,STATISTIK UNTUK BISNIS DAN EKONOMI,"ED.11, V.1, C.6",PENERBIT ERLANGGA,2011.0,657.021 MC,jakarta,978-979-099-018-0
274.0,16-072,JAMES T. MCCLAVE,STATISTIK UNTUK BISNIS DAN EKONOMI,"ED.11, V.1, C.2",PENERBIT ERLANGGA,2011.0,657.021 MC,jakarta,978-979-099-018-0
275.0,16-071,JAMES T. MCCLAVE,STATISTIK UNTUK BISNIS DAN EKONOMI,"ED.11, V.1, C.1",PENERBIT ERLANGGA,2011.0,657.021 MC,jakarta,978-979-099-018-0
276.0,17-236,JAMES T. MCCLAVE,STATISTIK UNTUK BISNIS DAN EKONOMI,"ED.11, V.1",PENERBIT ERLANGGA,2011.0,657.021 MC,jakarta,978-979-099-018-0
277.0,17-239,JAMES T. MCCLAVE,STATISTIK UNTUK BISNIS DAN EKONOMI,"ED.11,V.1, C.3",PENERBIT ERLANGGA,2011.0,657.021 MC,jakarta,978-979-099-018-0
278.0,16-073,JAMES T. MCCLAVE,STATISTIK UNTUK BISNIS DAN EKONOMI,"ED.11,V.1, C.4",PENERBIT ERLANGGA,2011.0,657.021 MC,jakarta,978-979-099-018-0
279.0,17-237,JAMES T. MCCLAVE,STATISTIK UNTUK BISNIS DAN EKONOMI,"ED.11, V.1, C.5",PENERBIT ERLANGGA,2011.0,657.021 MC,jakarta,978-979-099-018-0
281.0,16-086,JAMES T. MCCLAVE,STATISTIK UNTUK BISNIS DAN EKONOMI,"ED.11, V.2, C.4 ",PENERBIT ERLANGGA,2011.0,657.021 MC,jakarta,978-602-241-127-7
282.0,16-089,JAMES T. MCCLAVE,STATISTIK UNTUK BISNIS DAN EKONOMI,"ED.11, V.2, C.5",PENERBIT ERLANGGA,2011.0,657.021 MC,jakarta,978-602-241-127-7
283.0,15-138,JAMES T. MCCLAVE,STATISTIK UNTUK BISNIS DAN EKONOMI,"ED.11, V.2, C.7",PENERBIT ERLANGGA,2011.0,657.021 MC,jakarta,978-602-241-127-7
284.0,16-087,JAMES T. MCCLAVE,STATISTIK UNTUK BISNIS DAN EKONOMI,"ED.11, V.2, C.6",PENERBIT ERLANGGA,2011.0,657.021 MC,jakarta,978-602-241-127-7
285.0,15-136,JAMES T. MCCLAVE,STATISTIK UNTUK BISNIS DAN EKONOMI,"ED.11, V.2, C.8",PENERBIT ERLANGGA,2011.0,657.021 MC,jakarta,978-602-241-127-7
286.0,17-232,JAMES T. MCCLAVE,STATISTIK UNTUK BISNIS DAN EKONOMI,"ED.11, V.2",PENERBIT ERLANGGA,2011.0,657.021 MC,jakarta,978-602-241-127-7
287.0,17-233,JAMES T. MCCLAVE,STATISTIK UNTUK BISNIS DAN EKONOMI,"ED.11, V.2, C.1",PENERBIT ERLANGGA,2011.0,657.021 MC,jakarta,978-602-241-127-7
288.0,17-231,JAMES T. MCCLAVE,STATISTIK UNTUK BISNIS DAN EKONOMI,"ED.11, V.2, C.2",PENERBIT ERLANGGA,2011.0,657.021 MC,jakarta,978-602-241-127-7
289.0,16-088,JAMES T. MCCLAVE,Statistika untuk ekonomi dan keuangan modren,"ED.11, V.2, C.3",PENERBIT ERLANGGA,2011.0,657.021 MC,jakarta,978-602-241-127-7
290.0,12-127,JAY HEIZER & BARRY RENDER,MANAJEMEN OPRASI,C.4,PENERBIT SALEMBA EMPAT,2009.0,458.5 HE,jakarta,978-979-061-076-7
291.0,12-125,JAY HEIZER & BARRY RENDER,MANAJEMEN OPRASI,C.2,PENERBIT SALEMBA EMPAT,2009.0,458.5 HE,jakarta,978-979-061-076-7
293.0,11-022,JAY HEIZER & BARRY RENDER,MANAJEMEN OPRASI,C.3,PENERBIT SALEMBA EMPAT,2009.0,458.5 HE,jakarta,978-979-061-076-7
294.0,11-020,JAY HEIZER & BARRY RENDER,MANAJEMEN OPRASI,C.1,PENERBIT SALEMBA EMPAT,2009.0,458.5 HE,jakarta,978-979-061-076-7
295.0,12-153,ARTHUR J. KEOWN,MANAJEMEN KEUANGAN : PRINSIP DAN PENERAPAN,V.1,PT INDEX KELOMPOK GRAMEDIA,2005.0,458.1 KE,jakarta,979-683-732-3
296.0,07-574,CARTER USRY,AKUNTANSI BIAYA,C.4,PENERBIT SALEMBA EMPAT,2004.0,457.6 CA,jakarta,979-691-185-X
297.0,07-573,CARTER USRY,AKUNTANSI BIAYA,C.3,PENERBIT SALEMBA EMPAT,2004.0,457.6 CA,jakarta,979-691-185-X
298.0,07-572,CARTER USRY,AKUNTANSI BIAYA,C.2,PENERBIT SALEMBA EMPAT,2004.0,457.6 CA,jakarta,979-691-185-X
299.0,07-569,CARTER USRY,AKUNTANSI BIAYA,"V.2, C.1",PENERBIT SALEMBA EMPAT,2005.0,457.6 CA,jakarta,979-691-185-X
300.0,15-143,ERNEST F.HAEUSSLER,PENGANTAR MATEMATIKA EKONOMI,"ED.13, V.2, C.1",PENERBIT ERLANGGA,2011.0,330.0151 HA,jakarta,978-602-241-750-7
301.0,15-142,ERNEST F.HAEUSSLER,PENGANTAR MATEMATIKA EKONOMI,"ED.13, V.2",PENERBIT ERLANGGA,2011.0,330.0151 HA,jakarta,978-602-241-750-7
302.0,15-104,ERNEST F.HAEUSSLER,PENGANTAR MATEMATIKA EKONOMI,"ED.13, V.1, C.3",PENERBIT ERLANGGA,2011.0,330.0151 HA,jakarta,978-602-241-750-7
303.0,15-103,ERNEST F.HAEUSSLER,PENGANTAR MATEMATIKA EKONOMI,"ED.13, V.1, C.2",PENERBIT ERLANGGA,2011.0,330.0151 HA,jakarta,978-602-241-750-7
304.0,15-102,ERNEST F.HAEUSSLER,PENGANTAR MATEMATIKA EKONOMI,"ED.13, V.1, C.1",PENERBIT ERLANGGA,2011.0,330.0151 HA,jakarta,978-602-241-750-7
305.0,15-101,ERNEST F.HAEUSSLER,PENGANTAR MATEMATIKA EKONOMI,"ED.13, V.1, ",PENERBIT ERLANGGA,2011.0,330.0151 HA,jakarta,978-602-241-750-7
306.0,16-080,BREALEY MYERS MARCUS,DASAR-DASAR MANAJEMEN KEUANGAN PERUSAHAAN,C.2,PENERBIT ERLANGGA,2007.0,458.02 BR,jakarta,978-979-033-654-4
307.0,16-079,BREALEY MYERS MARCUS,DASAR-DASAR MANAJEMEN KEUANGAN PERUSAHAAN,C.1,PENERBIT ERLANGGA,2007.0,458.02 BR,jakarta,978-979-033-654-4
308.0,08-041,HARMAN MALAU,MANAJEMEN PEMASARAN,C.4,PENERBIT ALFABETA ,2017.0,658.81 MA,BANDUNG,978-602-289-261-8
309.0,17-001,HARMAN MALAU,MANAJEMEN PEMASARAN,C.3,PENERBIT ALFABETA ,2017.0,658.81 MA,BANDUNG,978-602-289-261-8
310.0,18-040,HARMAN MALAU,MANAJEMEN PEMASARAN,C.2,PENERBIT ALFABETA ,2017.0,658.81 MA,BANDUNG,978-602-289-261-8
311.0,18-041,HARMAN MALAU,MANAJEMEN PEMASARAN,C.1,PENERBIT ALFABETA ,2017.0,658.81 MA,BANDUNG,978-602-289-261-8
312.0,07-116,PHILIP KOTLER,MANAJEMEN PEMASARAN,C.2,PT INDEX KELOMPOK GRAMEDIA,2005.0,458.8 KO,jakarta,979-683-750-1
313.0,07-115,PHILIP KOTLER,MANAJEMEN PEMASARAN,"V.2, C.1",PT INDEX KELOMPOK GRAMEDIA,2005.0,458.8 KO,jakarta,979-683-750-1
314.0,07-641,PHILIP KOTLER,MANAJEMEN PEMASARAN,"V.1, C.2",PT INDEX KELOMPOK GRAMEDIA,2005.0,458.8 KO,jakarta,979-683-750-1
315.0,07-640,PHILIP KOTLER,MANAJEMEN PEMASARAN,"V.1, C.1",PT INDEX KELOMPOK GRAMEDIA,2005.0,458.8 KO,jakarta,979-683-750-1
316.0,499-275,PHILIP KOTLER,MANAJEMEN PEMASARAN,V.2,PT PRENHALLINDO,1997.0,658.81 KO,jakarta,979-8901-30-4
319.0,10-298,IBK BAYANGKARA,AUDIT MANAJEMEN,"C,1",PENERBIT SALEMBA EMPAT,2008.0,458 BA,jakarta,978-979-691-456-2
320.0,15-129,JOHN M IVANCEVICH,PERILAKU DAN MANAJEMEN ORGANISASI,"ED.7, V.1",PENERBIT ERLANGGA,2005.0,332.06 IV,jakarta,978-979-015-815-3
321.0,15-130,JOHN M IVANCEVICH,PERILAKU DAN MANAJEMEN ORGANISASI,"ED.7, V.1, C.1",PENERBIT ERLANGGA,2005.0,332.06 IV,jakarta,978-979-015-815-3
322.0,15-131,JOHN M IVANCEVICH,PERILAKU DAN MANAJEMEN ORGANISASI,"ED.7, V.1, C.2",PENERBIT ERLANGGA,2005.0,332.06 IV,jakarta,978-979-015-815-3
323.0,15-132,JOHN M IVANCEVICH,PERILAKU DAN MANAJEMEN ORGANISASI,"ED.7, V.1, C.3",PENERBIT RINEKA CIPTA,2005.0,332.06 IV,jakarta,978-979-015-815-3
324.0,15-054,STEPHEN P. ROBBINS,MANAJEMEN,"V.2, C.1",PENERBIT ERLANGGA,2009.0,331.894 RO,jakarta,978-979-075-852-0
325.0,15-055,STEPHEN P. ROBBINS,MANAJEMEN,"V.2, C.2",PENERBIT ERLANGGA,2009.0,331.894 RO,jakarta,978-979-075-852-0
326.0,15-056,STEPHEN P. ROBBINS,MANAJEMEN,"V.2, C.3",PENERBIT ERLANGGA,2009.0,331.894 RO,jakarta,978-979-075-852-0
327.0,15-053,STEPHEN P. ROBBINS,MANAJEMEN,V.2,PENERBIT ERLANGGA,2009.0,331.894 RO,jakarta,978-979-075-852-0
328.0,15-100,STEPHEN P. ROBBINS,MANAJEMEN,"V.1, C.1",PENERBIT ERLANGGA,2009.0,331.894 RO,jakarta,978-979-075-588-8
329.0,15-099,STEPHEN P. ROBBINS,MANAJEMEN,"ED.10, V.1",PENERBIT ERLANGGA,2009.0,331.894 RO,jakarta,978-979-075-588-8
330.0,14-247,DAVID K EITEMAN,MANAJEMEN KEUANGAN MULTINASIONAL,"V.2, C.1",PENERBIT ERLANGGA,2010.0,458.1 EI,jakarta,978-979-075-983-1
331.0,15-122,DAVID K EITEMAN,MANAJEMEN KEUANGAN MULTINASIONAL,"ED.11, V.2, C.1",PENERBIT ERLANGGA,2010.0,332.042 EI,jakarta,978-979-075-983-1
332.0,15-121,DAVID K EITEMAN,MANAJEMEN KEUANGAN MULTINASIONAL,"ED.11,V.2, C.2",PENERBIT ERLANGGA,2010.0,332.042 EI,jakarta,978-979-075-983-1
333.0,14-246,DAVID K EITEMAN,MANAJEMEN KEUANGAN MULTINASIONAL,V.2,PENERBIT ERLANGGA,2010.0,458.1 EI,jakarta,978-979-075-983-1
334.0,17-094,JAY HEIZER & BARRY RENDER,MANAJEMEN OPERASI,C.1,PENERBIT SALEMBA EMPAT,2015.0,617 HE,jakarta,978-979-061-553-3
338.0,18-007,FRED R. DAVID,MANAJEMEN STRATEGIK,C.4,PENERBIT SALEMBA EMPAT,2016.0,529.102 DA,jakarta,978-979-061-693-6
339.0,10-1000,AHMED RIAHI-BELKAQUI,TEORI AKUNTANSI,"V.1, C.2",PENERBIT SALEMBA EMPAT,2006.0,457 RI,jakarta,979-265-653-7
340.0,10-999,AHMED RIAHI-BELKAQUI,TEORI AKUNTANSI,"V.1, C.1",PENERBIT SALEMBA EMPAT,2006.0,457 RI,jakarta,979-265-653-7
341.0,14-243,DAVID K EITEMAN,MANAJEMEN KEUANGAN MULTINASIONAL,"V.1, C.1",PENERBIT ERLANGGA,2010.0,458.1 EI,jakarta,978-979-075-380-8
342.0,14-242,DAVID K EITEMAN,MANAJEMEN KEUANGAN MULTINASIONAL,V.1,PENERBIT ERLANGGA,2010.0,458.1 EI,jakarta,978-979-075-380-8
343.0,15-126,DAVID K EITEMAN,MANAJEMEN KEUANGAN MULTINASIONAL,"ED.11, V.1, C.1",PENERBIT ERLANGGA,2010.0,332.042 EI,jakarta,978-979-075-338.0
344.0,15-125,DAVID K EITEMAN,MANAJEMEN KEUANGAN MULTINASIONAL,ED.11 V.1,PENERBIT ERLANGGA,2010.0,332.042 EI,jakarta,978-979-075-380-8
349.0,07-048,ROBERT N ANTHONY,MANAGEMENT CONTROL SYSTEMN B.1,"V.1, C.2",PENERBIT SALEMBA EMPAT,2005.0,458.4 AN,jakarta,979-691-219-8
350.0,14-146,EDWARD J BLOCHER,MANAJEMEN BIAYA PENEKANA STRATEGIS,ED.5,PENERBIT SALEMBA EMPAT,2011.0,432.6 BI,jakarta,978-979-061-165-8
351.0,11-045,RAYMOND MCLEOD,SISTEM INFORMASI MANAJEMEN,C.3,PENERBIT SALEMBA EMPAT,2008.0,458.40 MC,jakarta,978-979-691-453-1
352.0,11-043,RAYMOND MCLEOD,SISTEM INFORMASI MANAJEMEN,C.1,PENERBIT SALEMBA EMPAT,2008.0,458.40 MC,jakarta,978-979-691-453-1
353.0,13-077,PHILIP KOTLER,MANAJEMEN PEMASARAN,"V.1, C.1",PENERBIT ERLANGGA,2009.0,658.8 KO,jakarta,978-979-075-326-6
354.0,13-076,PHILIP KOTLER,MANAJEMEN PEMASARAN,V.2,PENERBIT ERLANGGA,2009.0,658.8 KO,jakarta,978-979-075-326-6
355.0,13-074,PHILIP KOTLER,MANAJEMEN PEMASARAN,V.1,PENERBIT ERLANGGA,2009.0,658.8 KO,jakarta,978-979-075-326-6
356.0,11-030,EUGENE F. Brigham ,DASAR-DASAR MANAJEMEN KEUANGAN,"V.1, C.3",PENERBIT SALEMBA EMPAT,2010.0,458.1 BR,jakarta,978-981-4319-14-0
357.0,10-978,EUGENE F. Brigham ,DASAR-DASAR MANAJEMEN KEUANGAN,"V.1,C.2",PENERBIT SALEMBA EMPAT,2010.0,458.1 BR,jakarta,978-981-4319-14-0
358.0,11-031,EUGENE F. Brigham ,DASAR-DASAT MANAJEMEN KEUANGAN,"V.1, C.1",PENERBIT SALEMBA EMPAT,2010.0,458.1 BR,jakarta,978-981-4319-14-0
359.0,10-976,EUGENE F. Brigham ,DASAR-DASAR MANAJEMEN KEUANGAN,V.1,PENERBIT SALEMBA EMPAT,2010.0,458.1 BR,jakarta,978-981-4319-14-0
360.0,11-032,EUGENE F. Brigham ,DASAR-DASAR MANAJEMEN KEUANGAN,"V.2, C.4",PENERBIT SALEMBA EMPAT,2011.0,458.1 BR,jakarta,978-981-4319-15-7
361.0,11-038,EUGENE F. Brigham ,DASAR-DASAR MANAJEMEN KEUANGAN,"V.2, C.3",PENERBIT SALEMBA EMPAT,2011.0,458.1 BR,jakarta,978-981-4319-15-7
362.0,11-037,EUGENE F. Brigham ,DASAR-DASAR MANAJEMEN KEUANGAN ,"V.2, C.2",PENERBIT SALEMBA EMPAT,2011.0,458.1 BR,jakarta,978-981-4319-15-7
363.0,11-033,EUGENE F. Brigham ,DASAR-DASAR MANAJEMEN KEUANGAN,"V.2, C.1",PENERBIT SALEMBA EMPAT,2011.0,458.1 BR,jakarta,978-981-4319-15-7
364.0,15-128,RICHARD A. BREALEY,DASAR-DASAR MANAJEMEN KEUANGAN PERUSAHAAN,"ED.5, V.1, C.1",PENERBIT ERLANGGA,2008.0,332.01 BR,jakarta,978-979-033-313-0
365.0,15-127,RICHARD A. BREALEY,DASAR-DASAR MANAJEMEN KEUANGAN PERUSAHAAN,"ED.5, V.1, C.2",PENERBIT ERLANGGA,2008.0,332.01 BR,jakarta,978-979-033-313-0
366.0,16-080,RICHARD A. BREALEY,DASAR-DASAR MANAJEMEN KEUANGAN PERUSAHAAN,"ED.5, V.1, C.3",PENERBIT ERLANGGA,2008.0,332.01 BR,jakarta,978-979-033-313-0
367.0,07-658,DUMAIRY,MATEMATIKA TERAPAN UNTUK BISNIS DAN EKONOMI ,C.1,BPFE YOGYAKARTA,2003.0,519 DU,Yogyakarta,979-503-828-0
368.0,07-660,DUMAIRY,MATEMATIKA TERAPAN UNTUK BISNIS DAN EKONOMI ,C.3,BPFE YOGYAKARTA,2003.0,519 DU,Yogyakarta,979-503-828-0
371.0,07-614,EUGENE F. Brigham ,UNDAMENTALS OF FINANCIAL MANAGEMENT,C.2,THOMSON LEARNING,2004.0,458.1 BR,USA,0-324-17829-8
372.0,07-615,EUGENE F. Brigham ,DASAR DASAR MANAJEMEN KEUANGAN,"V.1, C.2",PENERBIT SALEMBA EMPAT,2006.0,432 BR,jakarta,979-691-306-2
375.0,07-584,EUGENE F. Brigham ,DASAR DASAR MANAJEMEN KEUANGAN,"V.2, C.2",PENERBIT SALEMBA EMPAT,2006.0,432 BR,jakarta,979-691-306-2
376.0,07-585,EUGENE F. Brigham ,DASAR DASAR MANAJEMEN KEUANGAN,"V.2, C.3",PENERBIT SALEMBA EMPAT,2006.0,432 BR,jakarta,979-691-306-2
377.0,07-586,EUGENE F. Brigham ,DASAR DASAR MANAJEMEN KEUANGAN,"V.2, C.4",PENERBIT SALEMBA EMPAT,2006.0,432 BR,jakarta,979-691-306-2
379.0,14-117,JOHN A.PEARCE ,MANAJEMEN STRATEGIS,C.1,PENERBIT SALEMBA EMPAT,2013.0,458.02 PE,jakarta,978-979-061-255-6
382.0,15-146,PHILIP KOTLER,PRINSIP PRINSIP PEMASARAN,"ED.12, V.1",PENERBIT ERLANGGA,2008.0,331.12 KO,jakarta,978-979-033-132-7
383.0,15-147,PHILIP KOTLER,PRINSIP PRINSIP PEMASARAN,"ED.12,V.1, C.1",PENERBIT ERLANGGA,2008.0,331.12 KO,jakarta,978-979-033-132-7
384.0,15-145,PHILIP KOTLER,PRINSIP PRINSIP PEMASARAN,"ED.12, V.2, C.1",PENERBIT ERLANGGA,2008.0,331.12 KO,jakarta,978-979-033-132-7
387.0,16-171,INDRA BASTIAN,AKUNTANSI SEKTOR PUBLIK,C.1,PENERBIT ERLANGGA,2010.0,457.61 BA,jakarta,978-979-075-735-6
391.0,16-115,DOMINICK SALVATORE,MIKROEKONOMI,C.1,PENERBIT ERLANGGA,2006.0,435 SA,jakarta,978-979-015-632-6
392.0,15-082,DOMINICK SALVATORE,MIKROEKONOMI,"ED.4,C.2",PENERBIT ERLANGGA,2006.0,435 SA,jakarta,978-979-015-632-6
393.0,16-117,DOMINICK SALVATORE,MIKROEKONOMI,"ED.4, C.3",PENERBIT ERLANGGA,2006.0,435 SA,jakarta,978-979-015-632-6
394.0,16-118,DOMINICK SALVATORE,MIKROEKONOMI,"ED.4, C.4",PENERBIT ERLANGGA,2006.0,435 SA,jakarta,978-979-015-632-6
395.0,16-119,DOMINICK SALVATORE,MIKROEKONOMI,"ED.4, C.5",PENERBIT ERLANGGA,2006.0,435 SA,jakarta,978-979-015-632-6
396.0,15-081,DOMINICK SALVATORE,MIKROEKONOMI,"ED.4, C.6",PENERBIT ERLANGGA,2006.0,435 SA,jakarta,978-979-015-632-6
397.0,16-116,DOMINICK SALVATORE,MIKROEKONOMI,"ED.4, C.7",PENERBIT ERLANGGA,2006.0,435 SA,jakarta,978-979-015-632-6
398.0,15-083,DOMINICK SALVATORE,MIKROEKONOMI,"ED.4, C.8",PENERBIT ERLANGGA,2006.0,435 SA,jakarta,978-979-015-632-6
403.0,10-304,JOHN A.PEARCE ,MANAJEMEN STRATEGIS,V.1,PENERBIT SALEMBA EMPAT,2008.0,458 PE,jakarta,978-979-691-462-3
404.0,08-004,SISWANTO,OPERATIONS RESEARCH,C.2,PENERBIT ERLANGGA,2007.0,339 SI,jakarta,979-781-836-5
405.0,08-003,SISWANTO,OPERATIONS RESEARCH,C.3,PENERBIT ERLANGGA,2007.0,339 SI,jakarta,979-781-836-5
407.0,10-212,RUDIANTO,PENGANGGARAN,C.1,PENERBIT ERLANGGA,2009.0,430 RU,jakarta,978-979-033-742-8
409.0,14-167,CATUR SASONGKO,ANGGARAN,C.1,PENERBIT SALEMBA EMPAT,2010.0,432.6 SA,jakarta,978-979-061-118-4
410.0,07-035,SURYANA,LEWIRAUSAHAAN,C.3,PENERBIT SALEMBA EMPAT,2006.0,438.7 SU,jakarta,979-691-297 X
412.0,07-135,ARTHUR J. KEOWN,MANAJEMEN KEUANGAN PRINSIP PRINSIP DAN APLIKASI,V.1,PT INDEX KELOMPOK GRAMEDIA,2004.0,458.1 KE,jakarta,979-683-415-4
414.0,08-096,RICKY W. GRIFFIN,MANAJEMEN,V.1,PENERBIT ERLANGGA,2002.0,458 GR,jakarta,979-741-441-8
415.0,15-079,KARL E. CASE,PRINSIP PRINSIP EKONOMI,"ED.8,C.2",PENERBIT ERLANGGA,2007.0,330.1 CA,jakarta,978-979-033-400-7
416.0,15-080,KARL E. CASE,PRINSIP PRINSIP EKONOMI,"ED.8,V.1,C.1",PENERBIT ERLANGGA,2007.0,330.1 CA,jakarta,978-979-033-400-7
417.0,15-046,MUNAWAR ISMAIL,SISTEM EKONOMI INDONESIA,C.7,PENERBIT ERLANGGA,2014.0,430.9 IS,jakarta,978-602-298-262-3
418.0,15-045,MUNAWAR ISMAIL,SISTEM EKONOMI INDONESIA,C.6 ,PENERBIT ERLANGGA,2014.0,430.9 IS,jakarta,978-602-298-262-3
419.0,16-101,MUNAWAR ISMAIL,SISTEM EKONOMI INDONESIA,C.5,PENERBIT ERLANGGA,2014.0,430.9 IS,jakarta,978-602-298-262-3
420.0,16-105,MUNAWAR ISMAIL,SISTEM EKONOMI INDONESIA,C.4,PENERBIT ERLANGGA,2014.0,430.9 IS,jakarta,978-602-298-262-3
421.0,16-104,MUNAWAR ISMAIL,SISTEM EKONOMI INDONESIA,C.3,PENERBIT ERLANGGA,2014.0,430.9 IS,jakarta,978-602-298-262-3
422.0,16-102,MUNAWAR ISMAIL,SISTEM EKONOMI INDONESIA,C.1,PENERBIT ERLANGGA,2014.0,430.9 IS,jakarta,978-602-298-262-3
423.0,16-103,MUNAWAR ISMAIL,SISTEM EKONOMI INDONESIA,C.2,PENERBIT ERLANGGA,2014.0,430.9 IS,jakarta,978-602-298-262-3
425.0,97-306,WARREN BENNIS ,ORGANISASI ABAD 21,C.2,PT PUSTAKA BINAMAN PRESSINDO,1995.0,458.1 BE,jakarta,979-442-048-4
432.0,14-110,MUNIR FUADY,PENGANTAR HUKUM BISNIS,C.2,PT CITRA ADITYA BAKTI BANDUNG,2008.0,450 FU,BANDUNG,979-414-849-5
433.0,14-111,MUNIR FUADY,PENGANTAR HUKUM BISNIS,C.1,PT CITRA ADITYA BAKTI BANDUNG,2008.0,450 FU,BANDUNG,979-414-849-5
437.0,16-153,FAISAL H BASRI,PEREKONOMIAN INDONESIA,C.4,PENERBIT ERLANGGA,2002.0,430.9 BA,jakarta,979-688-475-5
439.0,14-226,EUGENE F. Brigham ,MANAJEMEN KEUANGAN,C.1,PENERBIT ERLANGGA,2001.0,458.15 BR,jakarta,979-488-135-7
441.0,18-131,ZULIAN YAMIN,MANAJEMEN KUANTITATIF UNTUK BISNIS,C.3,  BPFE YOGYAKARTA,1999.0,107 YA,Yogyakarta,979-503-302-6
443.0,07-140,WALUYO,PERPAJAKAN INDONESIA,"ED.7, V.1",PENERBIT SALEMBA EMPAT,2007.0,436.2 WA,jakarta,978-979-691-391-6
445.0,16-001,SUBRAMANYAM,ANALISIS LAPORAN KEUANGAN,"ED.11, C.1",PENERBIT SALEMBA EMPAT,2018.0,332 SUB,jakarta,978-979-061-720-9
446.0,14-210,SUKRISNO AGOES,AUDITING,"ED.4, V.1, C.1",PENERBIT SALEMBA EMPAT,2012.0,457.7 AG,jakarta,978-979-061-228-0
447.0,07-638,SUKRISNO AGOES,AUDITING,"V.1,C.2",PENERBIT SALEMBA EMPAT,2004.0,457.4 AG,jakarta,979-8140-65-6
448.0,07-639,SUKRISNO AGOES,AUDITING,"V.1, C.3",PENERBIT SALEMBA EMPAT,2004.0,457.4 AG,jakarta,979-8140-65-6
451.0,15-149,AHMAD ERANI YUSTIKA,"EKONOMI KELEMBAGAAN PARADIGMA,TEORI,DAN KEBIJAKAN",C.1,PENERBIT ERLANGGA,2013.0,330.1552 YU,jakarta,978-602-241-359-2
452.0,16-139,AHMAD ERANI YUSTIKA,"EKONOMI KELEMBAGAAN PARADIGMA,TEORI,DAN KEBIJAKAN",C.2,PENERBIT ERLANGGA,2013.0,330.1552 YU,jakarta,978-602-241-359-2
455.0,400-065,C.S.T. KANSIL,POKOK POKOK PENGETAHUAN HUKUM DAGANG INDONESIA,V.1,SINAR GRAFIKA,1994.0,430.02 KA,jakarta,979-8061-59-4
457.0,07-520,RIMSKY K JUDISSENO,SISTEM MONETER DAN PERBANKAN DI INDONESIA,C.1,PT GRAMEDIA PUSTAKA UTAMA,2002.0,432.2 JU,jakarta,979-686-895-4
465.0,13-067,HERRY PURWONO,DASAR DASAR PERPAJAKAN&AKUNTANSI PAJAK,C.1,PENERBIT ERLANGGA,2010.0,436.2 PU,jakarta,978-979-075-782-0
466.0,15-074,HERRY PURWONO,DASAR DASAR PERPAJAKAN&AKUNTANSI PAJAK,C.5,PENERBIT ERLANGGA,2010.0,336.2 PU,jakarta,978-979-075-782-0
467.0,15-075,HERRY PURWONO,DASAR DASAR PERPAJAKAN&AKUNTANSI PAJAK,C.2,PENERBIT ERLANGGA,2010.0,336.2 PU,jakarta,978-979-075-782-0
468.0,15-073,HERRY PURWONO,DASAR DASAR PERPAJAKAN&AKUNTANSI PAJAK,C.4,PENERBIT ERLANGGA,2010.0,336.2 PU,jakarta,978-979-075-782-0
469.0,13-066,HERRY PURWONO,DASAR DASAR PERPAJAKAN&AKUNTANSI PAJAK,C.3,PENERBIT ERLANGGA,2010.0,336.2 PU,jakarta,978-979-075-782-0
471.0,16-139,Ahmad Erani Yustika ,"EKONOMI KELEMBAGAAN PARADIGMA,TEORI,DAN KEBIJAKAN",C2,PENERBIT ERLANGGA,2012.0,458 YU,jakarta,007-333-001-0
472.0,15-149, Ahmad Erani Yustika ,"EKONOMI KELEMBAGAAN PARADIGMA,TEORI,DAN KEBIJAKAN",C2,PENERBIT ERLANGGA,2012.0,458 YU,jakarta,007-333-001-0
479.0,10-314,Mardiasmo ,PERPAJAKAN ,c.1,Penerbit Andi Yogyakarta,2008.0,436.2 MA ,Yogyakarta,978-979-29-0644-8
480.0,10-313,Mardiasmo  ,PERPAJAKAN ,C2,Penerbit Andi Yogyakarta,2008.0,436.2 MA ,Yogyakarta,978-979-29-0644-8
481.0,10-1001,Mardiasmo ,PERPAJAKAN ,C.2,Penerbit Andi Yogyakarta,2008.0,436.2 MA ,Yogyakarta,978-979-29-0644-8
488.0,12-154, Mardiasmo,PERPAJAKAN ,C1,Penerbit Andi Yogyakarta,2008.0,436.2 MA ,Yogyakarta,978-979-29-0644-8
489.0,12-155,Mardiasmo  ,PERPAJAKAN ,C.1,Penerbit Andi Yogyakarta,2008.0,436.2 MA ,Yogyakarta,978-979-29-0644-8
490.0,12-156, Mardiasmo ,PERPAJAKAN ,C.2,Penerbit Andi Yogyakarta,2008.0,436.2 MA ,Yogyakarta,978-979-29-0644-8
491.0, 19-080,Mardiasmo  ,PERPAJAKAN ,C.2,Penerbit Andi Yogyakarta,2018.0,336.2 ma 2018,Yogyakarta,978-979-29-6794-4
493.0,16-126,ALVIN A. ARENS,AUDITING DAN JASA ASSURANCE,"V.2, C.1",PENERBIT ERLANGGA,2014.0,457.7 AR,jakarta,978-602-298-600-3
494.0,16-136,ALVIN A. ARENS,AUDITING DAN JASA ASSURANCE,"V.1, C.5",PENERBIT ERLANGGA,2014.0,457.7 AR,jakarta,978-602-298-540-2
495.0,16-135,ALVIN A. ARENS,AUDITING DAN JASA ASSURANCE,"V.1,C.4",PENERBIT ERLANGGA,2014.0,457.7 AR,jakarta,978-602-298-540-2
496.0,16-132,ALVIN A. ARENS,AUDITING DAN JASA ASSURANCE,"V.1., C.1",PENERBIT ERLANGGA,2014.0,457.7 AR,jakarta,978-602-298-540-2
497.0,15-133,ALVIN A. ARENS,AUDITING DAN JASA ASSURANCE,"ED.12, V.2",PENERBIT ERLANGGA,2008.0,332.01 AR,jakarta,978-979-033-828-9
498.0,15-134,ALVIN A. ARENS,AUDITING DAN JASA ASSURANCE,"ED.12, V.2, C.1",PENERBIT ERLANGGA,2008.0,332.01 AR,jakarta,978-979-033-828-9
499.0,06-018,DJOKO PURWANTO,KOMUNIKASI BISNIS,C.1,PENERBIT ERLANGGA,2006.0,334 PUR,jakarta,979-781-242-1
500.0,07-494,JEFF MADURA,PENGANTAR BISNIS,V.2,PENERBIT SALEMBA EMPAT,2001.0,450.6 MA,jakarta,979-691-077-2
501.0,08-111,LOUIS E.BOONE,PENGANTAR BISNIS,V.2,PENERBIT ERLANGGA,2002.0,450 BO,jakarta,979-688-294-9
502.0,08-112,LOUIS E.BOONE,PENGANTAR BISNIS,V.1,PENERBIT ERLANGGA,2002.0,450 BO,jakarta,979-688-294-9
504.0,15-059,ISMAIL SOLIHIN,PENGANTAR BISNIS,C.6 ,PENERBIT ERLANGGA,2014.0,338.7 SO,jakarta,978-602-298-285-2
505.0,16-148,ISMAIL SOLIHIN,PENGANTAR BISNIS,C.5,PENERBIT ERLANGGA,2014.0,338.7 SO,jakarta,978-602-298-285-2
506.0,16-147,ISMAIL SOLIHIN,PENGANTAR BISNIS,C.4,PENERBIT ERLANGGA,2014.0,338.7 SO,jakarta,978-602-298-285-2
507.0,15-060,ISMAIL SOLIHIN,PENGANTAR BISNIS,C.3,PENERBIT ERLANGGA,2014.0,338.7 SO,jakarta,978-602-298-285-2
508.0,16-145,ISMAIL SOLIHIN,PENGANTAR BISNIS,C.2,PENERBIT ERLANGGA,2014.0,338.7 SO,jakarta,978-602-298-285-2
509.0,16-144,ISMAIL SOLIHIN,PENGANTAR BISNIS,C.1,PENERBIT ERLANGGA,2014.0,338.7 SO,jakarta,978-602-298-285-2
511.0,10-322,WILLIAM C. BOYNTON,MODERN AUDITING,V.2,PENERBIT ERLANGGA,2003.0,457.4 BO,jakarta,979-688-709-6
514.0,19-164,ALVIN A. ARENS,AUDITING AND ASSURANCE SERVICES,C.2,PERSON EDUCATION LIMITED,2014.0,647.43. AR 33 BEA,USA,978-0-273-79000-6
515.0,07-103,WILLIAM F. MESSIER ,AUDITING & ASSURANCE SERVICES,C.3,PENERBIT SALEMBA EMPAT,2006.0,457.4 ME,jakarta,979-691-261-9
516.0,10-991,WILLIAM F. MESSIER ,AUDITING & ASSURANCE SERVICES,C.2,PENERBIT SALEMBA EMPAT,2006.0,457.4 ME,jakarta,979-691-261-9
517.0,10-992,WILLIAM F. MESSIER ,AUDITING & ASSURANCE SERVICES,V.2,PENERBIT SALEMBA EMPAT,2005.0,457.4 ME,jakarta,979-691-261-9
518.0,10-994,WILLIAM F. MESSIER ,AUDITING & ASSURANCE SERVICES,"V.2, C.2",PENERBIT SALEMBA EMPAT,2005.0,457.4 ME,jakarta,979-691-261-9
519.0,10-324,WILLIAM C. BOYNTON,MODERN AUDITING,"V.2, C.2",PENERBIT ERLANGGA,2003.0,457.4 BO,jakarta,979-688-709-6
520.0,10-323,WILLIAM C. BOYNTON,MODERN AUDITING,"V.2,C.1",PENERBIT ERLANGGA,2003.0,457.4 BO,jakarta,979-688-709-6
521.0,10-990,WILLIAM F. MESSIER ,AUDITING & ASSURANCE SERVICES,"V.1, C.1",PENERBIT SALEMBA EMPAT,2006.0,457.4 ME,jakarta,979-691-261-9
523.0,10-282,CHRISTOPHER PASS,KAMUS LENGKAP EKONOMI,ED.2,PENERBIT ERLANGGA,1994.0,430.03 PA,jakarta,55-06-015-6
527.0,99-023,WALTER NICHOLSON,TEORI EKONOMI MIKRO,C.2,PT. Raja Grafindo Persada,1985.0,438.5 NI,jakarta,979-421-168-0
531.0,18-130,ZULIAN YAMIN,MANAJEMEN KUANTITATIF UNTUK BISNIS,C.2,BPFE YOGYAKARTA,1995.0,107 YA,Yogyakarta,979-503-302-6
537.0,99-315,DOMINICK SALVATORE,EKONOMI INTERNASIONAL,V.1,PENERBIT ERLANGGA,1997.0,437 SA,jakarta,979-411-505-3
538.0,07-570,CARTER USRY,AKUNTANSI BIAYA,"ED.12,V.2,C.2",PENERBIT SALEMBA EMPAT,2005.0,457.6 CA,jakarta,979-691-187-6
539.0,17-095,JAY HEIZER & BARRY RENDER,MANAJEMEN OPERASI,C.2,PENERBIT SALEMBA EMPAT,2015.0,658 RE,jakarta,978-979-061-553-3
540.0,07-606,CARL S. WARREN,ACCOUNTING 21E,C.3,THOMSON LEARNING,2005.0,457 WA,SINGAPORE,0-324-22501-6
545.0,499-231,BASIR BARTHOS,MANAJEMEN KEARSIPAN,C.3,BUMI AKSARA,1997.0,457.5 BA,jakarta,979-526-017-0
548.0,07-525,M.FUAD,PENGANTAR BISNIS,C.1,PT.GRAMEDIA PUSTAKA UTAMA,2005.0,450 FU,jakarta,979-655-850-5
550.0,01-025,BAMBANG HARIYANTO,PENGARSIPAN DAN AKSES PADA SISTEM BERKAS,C.2,INFORMATIKA BANDUNG,2000.0,005 HA,BANDUNG,979-95779-6-9
552.0,01-013,MALCOLM PEEL,KIAT SUKSES RAPAT,C.2,PT GRAMEDIA PUSTAKA UTAMA,1993.0,458.4 PE,jakarta,979-511-730-0
564.0,07-630,RAJA BAMBANG SUTIKNO,THE POWER OF EMPATHY IN LEADERSHIP,C.4,PT GRAMEDIA PUSTAKA UTAMA,2007.0,458.4 SW,jakarta,978-979-22-2912-7
571.0,15-048,MUNIR FUADY,HUKUMAN JAMIAN UTANG,C.2,PENERBIT ERLANGGA,2013.0,343.071 FU,jakarta,978-602-241-577-0
573.0,96-517,HARRY L.BALDWIN,ESSENTIAL GEOMETRY,C.1,McGRAW-HILL BOOK COMPANY,1993.0,516 BAL,USA,0-07-004537-2
574.0,08-097,RICKY W. GRIFFIN,MANAJEMEN,V.2,PENERBIT ERLANGGA,2004.0,458 GR,jakarta,979-741-442-6
577.0,19-188,ANANG ISKANDAR,BAHAYA NARKOBA,C.1,PT TIRTA ASIH JAYA,2015.0,001 IS,SURAKARTA,978-602-71957-0-7
578.0,13-092,FAISAL H BASRI,PEREKONOMIAN INDONESIA,C.1,PENERBIT ERLANGGA,2002.0,438.9 BA,jakarta,979-688-475-5
580.0,18-005,FRED R. DAVID,MANAJEMEN STRATEGIK,C.2,PENERBIT SALEMBA EMPAT,2015.0,529.1.02 DA,jakarta,978-979-061-693-6
582.0,05-043,DONALD E. KIESO,AKUNTANSI INTERMEDIATE,V.2,PENERBIT ERLANGGA,2002.0,457.4 KI,jakarta,979-688-450-X
584.0,16-182,N.H.T SIAHAAN,HUKUM LINGKUNGAN DAN EKOLOGI PEMBANGUNAN,C.1,PENERBIT ERLANGGA,2004.0,340.1 SI,jakarta,979-741-053-6
588.0,25-691,BRIAN . YATE,APPLICATIONS IN SELF- MANAGEMENT,C.2,WADSWORTH PUBLISHING COMPANY,1986.0,458 YA,CALIFORNIA,0-536-0754-3
590.0,499-375,R.SANTOSO BROTODIHARDJO,PENGANTAR ILMU HUKUM PAJAK,C.2,PT  ERESCO BANDUNG,1993.0,436 BR,BANDUNG,979-8020-12-X
597.0,16-175,SUWARSONO MUHAMMAD,STRATEGI PEMERINTAHAN: MANAJEMEN ORGANISASI PUBLIK,C.2,PENERBIT ERLANGGA,2012.0,430.1 MU,jakarta,978-602-241-267-0
599.0,499-389,SANTOSO BROTODIHARDJO ,ILMU HUKUM PAJAK,C.5,PT ERESCO BANDUNG,1991.0,436 BR,BANDUNG,979-8020-12-X
600.0,07-613,HOUSTON & BRIGHAM,FUNDAMENTAL OF FINACIAL MANAGEMENT,"V.1,C.1",PENERBIT SALEMBA EMPAT,2006.0,432 BR,jakarta,979-691-307-0
603.0,15-114,ROBERT S. PINDYCK,MIKROEKONOMI ,"ED.8, C.1",PENERBIT ERLANGGA,2013.0,331.12 PI,jakarta,978-602-241-751-4
604.0,13-075,PHILIP KOTLER,MANAJEMEN PEMASARAN,"V.1.,C.1",PENERBIT ERLANGGA,2009.0,458.8 KO,jakarta,978-979-033-935-4
606.0,499-206,PHILIP S.ORSINO,SUCCESSFUL BUSINESS EXPANSION,C.2,PT GRAMEDIA PUSTAKA UTAMA,1996.0,458.4 OR,jakarta,979-655-135-7
608.0,99-251,NOPIRIN,EKONOMI MONETER,V.2,BPFE YOGYAKARTA,1998.0,432 NO,Yogyakarta,979-503-049-3
610.0,15-072,PHILIP KOTLER,MARKETING 3.0,C.3,PENERBIT ERLANGGA,2010.0,381 KO,jakarta,978-979-075-961-9
612.0,19-073,M. MUNANDAR,BUDGETING,C.1,BPFE YOGYAKARTA,2015.0,658.154 MU,Yogyakarta,979-503-051-5
618.0,10-318,"Dr. Guritno Mangkoesoebroto, M.Ec.",EKONOMI PUBLIK,C.2,BPFE YOGYAKARTA,1991.0,430 MA,Yogyakarta,979-503-293-3
619.0,10-316,"Dr. Guritno Mangkoesoebroto, M.Ec",EKONOMI PUBLIK,C.1,BPFE YOGYAKARTA,1991.0,430 MA,Yogyakarta,979-503-293-3
629.0,16.174,SUWARSONO MUHAMMAD,STRATEGI PEMERINTAHAN: MANAJEMEN ORGANISASI PUBLIK,C1,PENERBIT ERLANGGA,2012.0,430.1 MU,jakarta,978-602-241-267-0
630.0,16.175,SUWARSONO MUHAMMAD,STRATEGI PEMERINTAHAN: MANAJEMEN ORGANISASI PUBLIK,C2,PENERBIT ERLANGGA,2012.0,430.1 MU,jakarta,978-602-241-267-0
632.0,16.186,N. h. T. Siahaan ,HUKUM LINGKUNGAN DAN EKOLOGI PEMBANGUNAN,C4,PENERBIT ERLANGGA,2004.0,340.1 Si,jakarta,979-741-053-6
634.0,16.184,N. h. T. Siahaan ,HUKUM LINGKUNGAN DAN EKOLOGI PEMBANGUNAN,C2,PENERBIT ERLANGGA,2004.0,340.1 Si,jakarta,979-741-053-6
635.0,16.185,N. h. T. Siahaan ,HUKUM LINGKUNGAN DAN EKOLOGI PEMBANGUNAN,C3,PENERBIT ERLANGGA,2004.0,340.1 Si,jakarta,979-741-053-6
636.0,25-691,Brian T. Yates,APPLICATIONS IN SELF- MANAGEMENT,C.2,WADSWORTH PUBLISHING COMPANY,1986.0,458 Ya,CALIFORNIA,0-536-0754-3
637.0,05 043,DONALD E. KIESO,AKUNTANSI INTERMEDIATE,V2,PENERBIT ERLANGGA,2001.0,457.4 Ki,jakarta,979-688-450-x
638.0,18-005,FRED R. DAVID,Manajemen Strategik,C2,PENERBIT SALEMBA EMPAT,2015.0,529.1.02 DA,jakarta,978-979-061-693-6
642.0,19-188,Dr. Anang Iskandar,BAHAYA NARKOBA (sejarah narkoba),C.1,PT. Tirta Asiih Jaya ,2015.0,011 IS N ,jakarta,978-602-71957-1-4
643.0,13-092,FAISAL H BASRI,PEREKONOMIAN INDONESIA,C.1,PENERBIT ERLANGGA,2002.0,438.9 BA ,jakarta,979-688-475-5
647.0,02-040,Daniel J. Adams,Teologi Lintas Budaya (reflek siberat di asia),C.4,PT. BPK Gunung Mulia,1996.0,261 Ad,jakarta,979-415-660-4
648.0,11-017,"Prof. Dr. Mardiasmo, MBA, Ak",Akuntansi SEKTOR PUBLIK,C2,Penerbit Andi Yogyakarta,2002.0,457.6 Ma ,Yogyakarta,978-979-29-0779-7
649.0,99-222,Richard I. Levin ,Pengambilann Keputusan Secara Kuantitatif,C.2,PT RAJA GRAFINDO PERSADA ,1997.0,458.4 Le,Jakarta,979-421-373-X
656.0,19-057,H.M. YACOB IBRAHIM,STUDI KELAYAKAN BISNIS,C.1,PENERBIT RINEKA CIPTA,2009.0,650 HU,JAKARTA,978-979-518-748-6
658.0,07-527,M. FUAD,PENGANTAR BISNIS,C.2,PENERBIT PT GRAMEDIA PUSTAKA UTAMA,2005.0,450 FU,JAKARTA,979-655-850-5
666.0,99-194,JOPIE JUSUF,ANALISIS KREDIT UNTUK ACCOUNT OFFICER,C.2,PT GRAMEDIA PUSTAKA UTAMA,1998.0,432.7 JU,JAKARTA,979-605-187-7
668.0,499-297,DANIEL L YADIN,CREATING EFFECTIVE MARKETING COMMUNICATIONS,C.2,PT GRAMEDIA PUSTAKA UTAMA,1999.0,458.8 YA,JAKARTA,979-655-281-7
672.0,400-066,C.S.T. KANSIL,HUKUM DAGANG INDONESIA,"V.1, C.2",SINAR GRAFIKA,1994.0,430.02 KA,JAKARTA,979-8061-59-4
676.0,99-237,ALEXANDER HAMILTON INSTITUTE,SISTEM LAPORAN KEUANGAN YANG EFEKTIF,C.2,PT ELEX MEDIA KOMPUTINDO,1993.0,457.9 HA,JAKARTA,979-537-181-9
681.0,15-052,SULISTIOWATI,TANGGUNG JAWAB HUKUM PADA PERUSAHAAN GRUP DI INDONESIA,C.1,PENERBIT ERLANGGA,2013.0,343.05268 SU,JAKARTA,978-602-241-752-1
683.0,16-138,AHMAD ERANI YUSTIKA,"EKONOMI KELEMBAGAAN PARADIGMA,TEORI,DAN KEBIJAKAN",C.1,PENERBIT ERLANGGA,2013.0,458 YU,JAKARTA,978-602-241-359-2
685.0,07-620,INDRA SUHARDJONO,AKUNTANSI PERBANKAN,V.1,PENERBIT SALEMBA EMPAT,2006.0,457.4 SU,JAKARTA,979-691-293-7
687.0,07-539,SISWANTO SUTOJO,MANAJEMEN BANK UMUM,C.2,PT DAMAR MULIA PUSTAKA,2007.0,432  SU,JAKARTA,978-979-9365-18-7
688.0,10-1058,ANTO DAJAN,PENGANTAR METODE STATISTIK JILID 1,V.1,PUSTAKA LP3ES INDONESIA,1986.0,519.5 DA,JAKARTA,979-8015-18-5
691.0,400-081,DUMAIRY,PEREKONOMIAN INDONESIA,C.2,PENERBIT ERLANGGA,1999.0,437.5 DU,JAKARTA,979-411-479-0
694.0,10-1008,DUMAIRY,MATEMATIKA TERAPAN UNTUK BISNIS DAN EKONOMI ,C.5,BPFE YOGYAKARTA,2003.0,519 DU,Yogyakarta,979-503-828-0
698.0,14-233,MARKONAH,MATEMATIKA KEUANGAN TEORI SINGKAT DAN SOAL-SOAL,C.3,PENERBIT ERLANGGA,2009.0,515 MA,JAKARTA,978-979-075-040-1
699.0,14-232,MARKONAH,MATEMATIKA KEUANGAN TEORI SINGKAT DAN SOAL-SOAL,C.2,PENERBIT ERLANGGA,2009.0,515 MA,JAKARTA,978-979-075-040-1
700.0,14-231,MARKONAH,MATEMATIKA KEUANGAN TEORI SINGKAT DAN SOAL-SOAL,C.1,PENERBIT ERLANGGA,2009.0,515 MA,JAKARTA,978-979-075-040-1
702.0,17-245,DODDY ARIEFIANTO,EKONOMETRIKA,C.1,PENERBIT ERLANGGA,2012.0,657.021 AR,JAKARTA,978-979-099-887-2
703.0,17-244,DODDY ARIEFIANTO,EKONOMETRIKA,C.5,PENERBIT ERLANGGA,2012.0,657.021 AR,JAKARTA,978-979-099-887-2
704.0,17-246,DODDY ARIEFIANTO,EKONOMETRIKA,C.2,PENERBIT ERLANGGA,2012.0,657.021 AR,JAKARTA,978-979-099-887-2
705.0,17-248,DODDY ARIEFIANTO,EKONOMETRIKA,C.4,PENERBIT ERLANGGA,2012.0,657.021 AR,JAKARTA,978-979-099-887-2
706.0,17-247,DODDY ARIEFIANTO,EKONOMETRIKA,C.3,PENERBIT ERLANGGA,2012.0,657.021 AR,JAKARTA,978-979-099-887-2
708.0,17-226,M. AZRUL TANJUNG,KOPERASI DAN UMKM,C.4,PENERBIT ERLANGGA,2017.0,657.9 TA,JAKARTA,978-602-434-231-9
709.0,17-225,M. AZRUL TANJUNG,KOPERASI DAN UMKM,C.3,PENERBIT ERLANGGA,2017.0,657.9 TA,JAKARTA,978-602-434-231-9
710.0,17-224,M. AZRUL TANJUNG,KOPERASI DAN UMKM,C.2,PENERBIT ERLANGGA,2017.0,657.9 TA,JAKARTA,978-602-434-231-9
711.0,17-223,M. AZRUL TANJUNG,KOPERASI DAN UMKM,C.1,PENERBIT ERLANGGA,2017.0,657.9 TA,JAKARTA,978-602-434-231-9
712.0,16-112,DAVID S/ KODRAT & WINA CHIRSTINA,ENTRE PRENEUR SHIP ,C.3,PENERBIT ERLANGGA,2015.0,430.1 KO,JAKARTA,978-602-298-557-0
713.0,61-111,DAVID S/ KODRAT & WINA CHIRSTINA,ENTRE PRENEUR SHIP ,C.2,PENERBIT ERLANGGA,2015.0,430.1 KO,JAKARTA,978-602-298-557-0
714.0,16-110,DAVID S/ KODRAT & WINA CHIRSTINA,ENTRE PRENEUR SHIP ,C.1,PENERBIT ERLANGGA,2015.0,430.1 KO,JAKARTA,978-602-298-557-0
715.0,16-109,DAVID S/ KODRAT & WINA CHIRSTINA,ENTRE PRENEUR SHIP ,C.4,PENERBIT ERLANGGA,2015.0,430.1 KO,JAKARTA,978-602-298-557-0
716.0,16-111,SULISTIOWATI,PERUSAHAAN GRUP DI INDONESIA ,C.2,PENERBIT ERLANGGA,2010.0,438.7 SU,JAKARTA,978-979-075-679-3
717.0,16-109,SULISTIOWATI,PERUSAHAAN GRUP DI INDONESIA ,C4,PENERBIT ERLANGGA,2010.0,438.7 SU,JAKARTA,978-979-075-679-3
718.0,16-110,SULISTIOWATI,PERUSAHAAN GRUP DI INDONESIA ,C.3,PENERBIT ERLANGGA,2010.0,438.7 SU,JAKARTA,978-979-075-679-3
719.0,15-044,SULISTIOWATI,PERUSAHAAN GRUP DI INDONESIA ,C.1,PENERBIT ERLANGGA,2010.0,438.7 SU,JAKARTA,978-979-075-679-3
720.0,16-112,SULISTIOWATI,PERUSAHAAN GRUP DI INDONESIA ,C1,PENERBIT ERLANGGA,2010.0,438.7 SU,JAKARTA,978-979-075-679-3
723.0,96-1636,LEIGHT DOHERTY,Decesion Support and Expert System ,C.2,SOUTH-WESTERN PUBLISHING CO.,1986.0,458.05 LE,AMERICA,0-538-10910-6
725.0,96-1637,LEIGHT DOHERTY,Decesion Support and Expert System ,C.3,SOUTH-WESTERN PUBLISHING CO.,1986.0,458.05 LE,AMERICA,0-538-10910-6
726.0,07-040,DAN M. GUY,AUDITING,C.1,PENERBIT ERLANGGA,1999.0,457.4 GU,jAKARTA,979-688-362-7
731.0,99-314,DOMINICK SALVATORE,EKONOMI INTERNASIONAL,V.2,PENERBIT ERLANGGA,1997.0,437 SA,JAKARTA,979-411-547-9
738.0,15-052,SULISTIOWATI,Tanggung jawab hukum pada perusahaan grup di Indonesia,C.1,PENERBIT ERLANGGA,2013.0,343.0 Su,JAKARTA,978-602-241-752-1
744.0,07-539,SISWANTO SUTOJO,THE MANAGEMEN OF COMMERCIALBAN,C.2,PT DAMAR MULIA PUSTAKA,2007.0,432 SU,JAKARTA,978-979-9365-18-7
746.0,07-620,INDRA BASTIAN SUHARDJONO,AKUNTANSI PERBANKAN,V.1,PENERBIT SALEMBA EMPAT,2006.0,457.4 SU,JAKARTA,979-691-292-9
