Nomor,Acc No,Pengarang,Judul,COPY,PENERBIT,TAHUN,Call Number,Tempat,ISBN,Kategori
3,96-256,fred Zlotnick,The POSIX.1 Standard A Programmer's Guide,C.1,"CUMINGS PUBLISHING COMPANY, Ins",1991,621.39 zlo,california,0-8053-9605-5,Teknologi
4,96-257,fred Zlotnick,The POSIX.1 Standard A Programmer's Guide,C.2,"CUMINGS PUBLISHING COMPANY, Ins",1991,621.39 zlo,california,0-8056-9605-5,Teknologi
5,97-663,dep P&K,Bahaya Laten Komunisme di indonesia,C.2,PUSAT SEJARAH DAN TRADISI ABRI,1995,320 Dep v.1,jakarta,979-8816-02-1,Politik
9,497-181,Charles LaBelle,"Finding,Selecting,developing anf retaining data professionals through effective human resources management",C.2,VAN NOSTRAND REINHOLD COMPANY,1983,458.3 La,New york,0-442-26012-1,Manajemen
11,97-315,anne labastille,MAMA POC,C.2,W.W. NORTON&COMPANY,1990,598 LA,New york,0-393-02830-5,Zoologi
14,22-523,mellgren & michael,new horizons in,4,V.4 ADDISON-WESLEY PUBLISHING COMPANY,1974,825 Me,california,0-201-04424-2,Sastra
18,97-248,unix system v,interface definition,V.5,"UNIX SYSTEM LABORATORIES,INC",1991,621.3UN,USA,0-201-56656-7,Teknologi
19,22-116,BARBARA BUND JACKSON,COMPUTER MEODELS IN MANAGEMENT,C.2,"RICHARD D. IRWIN,INC",1979,621 JA,USA,0-256-02225-9,Teknologi
21,961-324,BRIAN T YATES,APPLICATIONS IN SELF- MANAGEMENT,C.4,WADSWORTH PUBLISHING COMPANY,1986,458 YA,california,0-534-05754-3,Manajemen
31,998-021,DOUGLAS ALLEN & NGO VINH LONG,Coming To Terms,C.3,westview press,1991,959 AL,oxford,0-8133-1222-1,Sejarah
33,97-382,DOUGLAS ALLEN & NGO VINH LONG,Coming To Terms,C.2,westview press,1991,959.AL,oxford,0-8133-1222-1,Sejarah
40,22-169,GROLIER INCORPORATED,ABOUT THE INDEX,V.20,GROLIER BUSINEES LIBRARY,1982,030 Gr,USA,0-7172-8511-1,Ensiklopedia
49,26-020,ROBERT L . O'CONNEL,SACRED VESSELS,C.2,westview press,1991,911 OC,oxford,0-8133-1116-0,Geografi
50,06-003,LARRY W.BOWMAN,MAURITIUS,C.5,westview press,1991,969.82 BO,LONDON,1-85521-248-X,Sejarah
51,98-024,LARRY W.BOWMAN,MAURITIUS,C.3,westview press,1991,969.82 BO,LONDON,1-85521-248-X,Sejarah
52,98-023,LARRY W.BOWMAN,MAURITIUS,C.2,westview press,1991,969.82 BO,LONDON,1-85521-248-X,Sejarah
54,98-025,LARRY W.BOWMAN,MAURITIUS,C.4,westview press,1991,969.82 BO,LONDON,1-85521-248-X,Sejarah
56,96-669,GARY C. JACOBSON,THE ELECTORAL ORIGINS OF DIVIDED GOVERNMENT,C.2,westview press,1990,324.9 JA,oxford,0-8133-0907-7,Politik
58,698-148,GUY SEGUIER,POWER ELECTRONIK CONVERTERS,C.2,McGRAW-HILL BOOK COMPANY,1986,621.31 SE,New york,0-07-056081-1,Teknologi
60,98-210,PAUL HOLM-PEDERSEN&HARALD LOE,GERIATRIC DENTISTRY,C.2,THE C.V. MOSBY COMPANY,1986,617.6 PE,washington,0-8016-2557-2,Kedokteran
81,69-7251,LAWRENCE E. WILLIAMS,NUCLEAR MEDICAL PHYSICS,V.1,"CRC PRESS,INC",1987,616.0 WI,USA,0-8493-4678-9,Kedokteran
85,18-137,DONALD E. KIESO,INTERMEDIATE ACCOUNTING IFRS EDITION,C.6,JOHN WILEY & SONS,2018,657 KIWE,SINGAPORE,978-1-119-37300-1,Akuntansi
86,18-180,DONALD E. KIESO,INTERMEDIATE ACCOUNTING IFRS EDITION,C.16,JOHN WILEY & SONS,2018,657 KIWE,SINGAPORE,978-1-119-37300-1,Akuntansi
87,18-182,DONALD E. KIESO,INTERMEDIATE ACCOUNTING IFRS EDITION,C.18,JOHN WILEY & SONS,2018,657 KIWE,SINGAPORE,978-1-119-37300-1,Akuntansi
88,18-187,DONALD E. KIESO,INTERMEDIATE ACCOUNTING IFRS EDITION,C.23,JOHN WILEY & SONS,2018,657 KIWE,SINGAPORE,978-1-119-37300-1,Akuntansi
89,18-183,DONALD E. KIESO,INTERMEDIATE ACCOUNTING IFRS EDITION,C.19,JOHN WILEY & SONS,2018,657 KIWE,SINGAPORE,978-1-119-37300-1,Akuntansi
90,18-136,DONALD E. KIESO,INTERMEDIATE ACCOUNTING IFRS EDITION,C.5,JOHN WILEY & SONS,2018,657 KIWE,SINGAPORE,978-1-119-37300-1,Akuntansi
91,18-135,DONALD E. KIESO,INTERMEDIATE ACCOUNTING IFRS EDITION,C.4,JOHN WILEY & SONS,2018,657 KIWE,SINGAPORE,978-1-119-37300-1,Akuntansi
92,18-139,DONALD E. KIESO,INTERMEDIATE ACCOUNTING IFRS EDITION,C.8,JOHN WILEY & SONS,2018,657 KIWE,SINGAPORE,978-1-119-37300-1,Akuntansi
93,18-132,DONALD E. KIESO,INTERMEDIATE ACCOUNTING IFRS EDITION,C.1,JOHN WILEY & SONS,2018,657 KIWE,SINGAPORE,978-1-119-37300-1,Akuntansi
94,18-197,DONALD E. KIESO,INTERMEDIATE ACCOUNTING IFRS EDITION,C.33,JOHN WILEY & SONS,2018,657 KIWE,SINGAPORE,978-1-119-37300-1,Akuntansi
95,18-196,DONALD E. KIESO,INTERMEDIATE ACCOUNTING IFRS EDITION,C.32,JOHN WILEY & SONS,2018,657 KIWE,SINGAPORE,978-1-119-37300-1,Akuntansi
96,18-194,DONALD E. KIESO,INTERMEDIATE ACCOUNTING IFRS EDITION,C.30,JOHN WILEY & SONS,2018,657 KIWE,SINGAPORE,978-1-119-37300-1,Akuntansi
97,18-193,DONALD E. KIESO,INTERMEDIATE ACCOUNTING IFRS EDITION,C.29,JOHN WILEY & SONS,2018,657 KIWE,SINGAPORE,978-1-119-37300-1,Akuntansi
98,18-188,DONALD E. KIESO,INTERMEDIATE ACCOUNTING IFRS EDITION,C.24,JOHN WILEY & SONS,2018,657 KIWE,SINGAPORE,978-1-119-37300-1,Akuntansi
99,18-191,DONALD E. KIESO,INTERMEDIATE ACCOUNTING IFRS EDITION,C.27,JOHN WILEY & SONS,2018,657 KIWE,SINGAPORE,978-1-119-37300-1,Akuntansi
100,18-208,DONALD E. KIESO,INTERMEDIATE ACCOUNTING IFRS EDITION,C.44,JOHN WILEY & SONS,2018,657 KIWE,SINGAPORE,978-1-119-37300-1,Akuntansi
101,18-207,DONALD E. KIESO,INTERMEDIATE ACCOUNTING IFRS EDITION,C.43,JOHN WILEY & SONS,2018,657 KIWE,SINGAPORE,978-1-119-37300-1,Akuntansi
102,18-198,DONALD E. KIESO,INTERMEDIATE ACCOUNTING IFRS EDITION,C.34,JOHN WILEY & SONS,2018,657 KIWE,SINGAPORE,978-1-119-37300-1,Akuntansi
103,18-203,DONALD E. KIESO,INTERMEDIATE ACCOUNTING IFRS EDITION,C.39,JOHN WILEY & SONS,2018,657 KIWE,SINGAPORE,978-1-119-37300-1,Akuntansi
104,18-204,DONALD E. KIESO,INTERMEDIATE ACCOUNTING IFRS EDITION,C.40,JOHN WILEY & SONS,2018,657 KIWE,SINGAPORE,978-1-119-37300-1,Akuntansi
105,15-139,WALTER T. HARRISON ,AKUNTANSI KEUANGAN ,"ED.8, V.2, C.3",PENERBIT ERLANGGA,2011,337.3 HA,jakarta,978-602-241-093-5,Akuntansi
106,16-141,WALTER T. HARRISON ,AKUNTANSI KEUANGAN ,"ED.8, V.2",PENERBIT ERLANGGA,2011,337.3 HA,jakarta,978-602-241-093-5,Akuntansi
107,16-142,WALTER T. HARRISON ,AKUNTANSI KEUANGAN ,"ED.8, V.2, C.1",PENERBIT ERLANGGA,2011,337.3 HA,jakarta,978-602-241-093-5,Akuntansi
108,15-141,WALTER T. HARRISON ,AKUNTANSI KEUANGAN ,"ED.8, V.2, C.2",PENERBIT ERLANGGA,2011,337.3 HA,jakarta,978-602-241-093-5,Akuntansi
109,15-090,WALTER T. HARRISON ,AKUNTANSI KEUANGAN ,"ED.8, V.1 C.4",PENERBIT ERLANGGA,2012,337.3 HA,jakarta,978-602-241-092-8,Akuntansi
110,16-140,WALTER T. HARRISON ,AKUNTANSI KEUANGAN ,"ED.8, V.1 C.1",PENERBIT ERLANGGA,2012,373.3 HA,jakarta,978-602-241-092-8,Akuntansi
111,16-139,WALTER T. HARRISON ,AKUNTANSI KEUANGAN ,"ED.8, V.1, C.3",PENERBIT ERLANGGA,2012,373.3 HA,jakarta,978-602-241-092-8,Akuntansi
112,15-088,WALTER T. HARRISON ,AKUNTANSI KEUANGAN ,"ED.8, V.1, C.2",PENERBIT ERLANGGA,2012,373.3 HA,jakarta,978-602-241-092-8,Akuntansi
113,17-243,ROBERT S. PINDYCK,MIKROEKONOMI,"ED.8, C.2",PENERBIT ERLANGGA,2014,338.5 PI 2017,jakarta,978-602-241-751-4,Akuntansi
114,15-116,ROBERT S. PINDYCK,MIKROEKONOMI,"ED.8, C.3",PENERBIT ERLANGGA,2014,338.5 PI 2017,jakarta,978-602-241-751-4,Ekonomi
115,17-241,ROBERT S. PINDYCK,MIKROEKONOMI,"ED.8, C.1",PENERBIT ERLANGGA,2014,338.5 PI 2017,jakarta,978-602-241-751-4,Ekonomi
116,15-113,ROBERT S. PINDYCK,MIKROEKONOMI,"ED.8, C.4",PENERBIT ERLANGGA,2014,338.5 PI 2017,jakarta,978-602-241-751-4,Ekonomi
117,12-149,JEFF MADURA,INTRODUCTION TO BUSINESS,"V.1, C.7",PENERBIT SALEMBA EMPAT,2014,338.5 PI 2017,jakarta,978-979-691-413-5,Bisnis
118,12-142 ,JEFF MADURA,INTRODUCTION TO BUSINESS,"V.1, C.2",PENERBIT SALEMBA EMPAT,2014,338.5 PI 2017,jakarta,978-979-691-413-5,Bisnis
119,16-170,MAHYUS EKANANDA,EKONOMI INTERNASIONAL,C.2,PENERBIT ERLANGGA,2014,437 EK,jakarta,978-602-298-261-6,Ekonomi
120,16-169,MAHYUS EKANANDA,EKONOMI INTERNASIONAL,C.1,PENERBIT ERLANGGA,2014,437 EK,jakarta,978-602-298-261-6,Ekonomi
122,15-038,MUDRAJAD KUNCORO,METODE RISET UNTUK BISNIS & EKONOMI,"ED.4, C.5",PENERBIT ERLANGGA,2013,650.072 KUN,jakarta,978-602-241-795-8,Ekonomi
123,16-096,MUDRAJAD KUNCORO,METODE RISET UNTUK BISNIS & EKONOMI,"ED.4, C.4",PENERBIT ERLANGGA,2013,650.072 KUN,jakarta,978-602-241-795-8,Ekonomi
124,16-098,MUDRAJAD KUNCORO,METODE RISET UNTUK BISNIS & EKONOMI,"ED.4, C.3",PENERBIT ERLANGGA,2013,650.072 KUN,jakarta,978-602-241-795-8,Ekonomi
125,15-038,MUDRAJAD KUNCORO,METODE RISET UNTUK BISNIS & EKONOMI,"ED.4, C.2",PENERBIT ERLANGGA,2013,650.072 KUN,jakarta,978-602-241-795-8,Ekonomi
126,15-037,MUDRAJAD KUNCORO,METODE RISET UNTUK BISNIS & EKONOMI,"ED.4, C.1",PENERBIT ERLANGGA,2013,650.072 KUN,jakarta,978-602-241-795-8,Ekonomi
127,15-040,MUDRAJAD KUNCORO,METODE RISET UNTUK BISNIS & EKONOMI,"ED.4, C.7",PENERBIT ERLANGGA,2013,650.072 KUN,jakarta,978-602-241-795-8,Ekonomi
128,15-039,MUDRAJAD KUNCORO,METODE RISET UNTUK BISNIS & EKONOMI,"ED.4, C.6",PENERBIT ERLANGGA,2013,650.072 KUN,jakarta,978-602-241-795-8,Ekonomi
129,16-228,CHARLES T. HORNGREN,AKUNTANSI MANAJEMEN,"V.2, C.1",PENERBIT ERLANGGA,2016,657.9 HO,jakarta,978-602-298-824-3,Akuntansi
130,18-003,CHARLES T. HORNGREN,AKUNTANSI MANAJEMEN,"V.2, ",PENERBIT ERLANGGA,2016,657.9 HO,jakarta,978-602-298-824-3,Akuntansi
131,18-002,CHARLES T. HORNGREN,AKUNTANSI MANAJEMEN,"V.1, C.3",PENERBIT ERLANGGA,2016,657.9 HO,jakarta,978-602-298-824-3,Akuntansi
132,18-001,CHARLES T. HORNGREN,AKUNTANSI MANAJEMEN,"V.1, C.2",PENERBIT ERLANGGA,2016,657.9 HO,jakarta,978-602-298-824-3,Akuntansi
133,07-595,EARL K. STICE,INTERMEDIATE ACCOUNTING AKUNTANSI INTERMEDIATE,"V.2, C.1",PENERBIT SALEMBA EMPAT,2004,457.4 ST,jakarta,979-691-210-4,Akuntansi
134,07-596,EARL K. STICE,INTERMEDIATE ACCOUNTING AKUNTANSI INTERMEDIATE,"V.2, C.2",PENERBIT SALEMBA EMPAT,2004,457.4 ST,jakarta,979-691-210-4,Akuntansi
135,07-594,EARL K. STICE,INTERMEDIATE ACCOUNTING AKUNTANSI INTERMEDIATE,"V.1, C.4",PENERBIT SALEMBA EMPAT,2004,457.4 ST,jakarta,979-691-210-4,Akuntansi
136,07-108,EARL K. STICE,INTERMEDIATE ACCOUNTING AKUNTANSI INTERMEDIATE,"V.1, C.2",PENERBIT SALEMBA EMPAT,2004,457.4 ST,jakarta,979-691-210-4,Akuntansi
137,17-034,BUDI FRENSIDY,MATEMATIKA KEUANGAN,C.4,PENERBIT SALEMBA EMPAT,2008,510 FR,jakarta,978-979-061-091,Matematika
138,17-032,BUDI FRENSIDY,MATEMATIKA KEUANGAN,C.1,PENERBIT SALEMBA EMPAT,2008,510 FR,jakarta,978-979-061-091,Matematika
139,17-033,BUDI FRENSIDY,MATEMATIKA KEUANGAN,C.2,PENERBIT SALEMBA EMPAT,2008,510 FR,jakarta,978-979-061-091,Matematika
140,17-035,BUDI FRENSIDY,MATEMATIKA KEUANGAN,C.3,PENERBIT SALEMBA EMPAT,2008,510 FR,jakarta,978-979-061-091,Matematika
142,07-575,CHARLES W. LAMB,PEMASARAN,"V.2, C.1",PENERBIT SALEMBA EMPAT,2001,458.8 LA,jakarta,979-691-080-2,Pemasaran
143,07-578,CHARLES W. LAMB,PEMASARAN,"V.2, C.4",PENERBIT SALEMBA EMPAT,2001,458.8 LA,jakarta,979-691-080-2,Pemasaran
144,07-093,CHARLES W. LAMB,PEMASARAN,"V.2, C.3",PENERBIT SALEMBA EMPAT,2001,458.8 LA,jakarta,979-691-080-2,Pemasaran
145,07-565,CHARLES W. LAMB,PEMASARAN,"V.2, C.1",PENERBIT SALEMBA EMPAT,2001,458.8 LA,jakarta,979-691-080-2,Pemasaran
146,07-566,CHARLES W. LAMB,PEMASARAN,"V.1, C.2",PENERBIT SALEMBA EMPAT,2001,458.8 LA,jakarta,979-691-080-2,Pemasaran
147,07-567,CHARLES W. LAMB,PEMASARAN,"V.1, C.3",PENERBIT SALEMBA EMPAT,2001,458.8 LA,jakarta,979-691-080-2,Pemasaran
148,07-084,CHARLES W. LAMB,PEMASARAN,"V.1, C.4",PENERBIT SALEMBA EMPAT,2001,458.8 LA,jakarta,979-691-080-2,Pemasaran
149,18-155,FLOYD A. BEAMS,ADVANCED ACCOUNTING,C.13,PEARSON,2018,657 BE,MALAYSIA,978-1-292-21459-7,Akuntansi
150,18-154,FLOYD A. BEAMS,ADVANCED ACCOUNTING,C.12,PEARSON,2018,657 BE,MALAYSIA,978-1-292-21459-7,Akuntansi
151,18-153,FLOYD A. BEAMS,ADVANCED ACCOUNTING,C.11,PEARSON,2018,657 BE,MALAYSIA,978-1-292-21459-7,Akuntansi
152,18-156,FLOYD A. BEAMS,ADVANCED ACCOUNTING,C.14,PEARSON,2018,657 BE,MALAYSIA,978-1-292-21459-7,Akuntansi
153,18-161,FLOYD A. BEAMS,ADVANCED ACCOUNTING,C.19,PEARSON,2018,657 BE,MALAYSIA,978-1-292-21459-7,Akuntansi
154,18-159,FLOYD A. BEAMS,ADVANCED ACCOUNTING,C.17,PEARSON,2018,657 BE,MALAYSIA,978-1-292-21459-7,Akuntansi
155,18-158,FLOYD A. BEAMS,ADVANCED ACCOUNTING,C.16,PEARSON,2018,657 BE,MALAYSIA,978-1-292-21459-7,Akuntansi
156,18-157,FLOYD A. BEAMS,ADVANCED ACCOUNTING,C.15,PEARSON,2018,657 BE,MALAYSIA,978-1-292-21459-7,Akuntansi
157,18-152,FLOYD A. BEAMS,ADVANCED ACCOUNTING,C.10,PEARSON,2018,657 BE,MALAYSIA,978-1-292-21459-7,Akuntansi
158,18-151,FLOYD A. BEAMS,ADVANCED ACCOUNTING,C.9,PEARSON,2018,657 BE,MALAYSIA,978-1-292-21459-7,Akuntansi
159,18-149,FLOYD A. BEAMS,ADVANCED ACCOUNTING,C.7,PEARSON,2018,657 BE,MALAYSIA,978-1-292-21459-7,Akuntansi
160,18-148,FLOYD A. BEAMS,ADVANCED ACCOUNTING,C.6,PEARSON,2018,657 BE,MALAYSIA,978-1-292-21459-7,Akuntansi
161,18-147,FLOYD A. BEAMS,ADVANCED ACCOUNTING,C.5,PEARSON,2018,657 BE,MALAYSIA,978-1-292-21459-7,Akuntansi
162,18-146,FLOYD A. BEAMS,ADVANCED ACCOUNTING,C.4,PEARSON,2018,657 BE,MALAYSIA,978-1-292-21459-7,Akuntansi
163,18-144,FLOYD A. BEAMS,ADVANCED ACCOUNTING,C.2,PEARSON,2018,657 BE,MALAYSIA,978-1-292-21459-7,Akuntansi
164,18-172,FLOYD A. BEAMS,ADVANCED ACCOUNTING,C.30,PEARSON,2018,657 BE,MALAYSIA,978-1-292-21459-7,Akuntansi
165,18-174,FLOYD A. BEAMS,ADVANCED ACCOUNTING,C.32,PEARSON,2018,657 BE,MALAYSIA,978-1-292-21459-7,Akuntansi
166,18-173,FLOYD A. BEAMS,ADVANCED ACCOUNTING,C.31,PEARSON,2018,657 BE,MALAYSIA,978-1-292-21459-7,Akuntansi
167,18-171,FLOYD A. BEAMS,ADVANCED ACCOUNTING,C.29,PEARSON,2018,657 BE,MALAYSIA,978-1-292-21459-7,Akuntansi
168,18-169,FLOYD A. BEAMS,ADVANCED ACCOUNTING,C.27,PEARSON,2018,657 BE,MALAYSIA,978-1-292-21459-7,Akuntansi
169,18-167,FLOYD A. BEAMS,ADVANCED ACCOUNTING,C.25,PEARSON,2018,657 BE,MALAYSIA,978-1-292-21459-7,Akuntansi
170,18-166,FLOYD A. BEAMS,ADVANCED ACCOUNTING,C.24,PEARSON,2018,657 BE,MALAYSIA,978-1-292-21459-7,Akuntansi
171,18-165,FLOYD A. BEAMS,ADVANCED ACCOUNTING,C.23,PEARSON,2018,657 BE,MALAYSIA,978-1-292-21459-7,Akuntansi
172,18-164,FLOYD A. BEAMS,ADVANCED ACCOUNTING,C.22,PEARSON,2018,657 BE,MALAYSIA,978-1-292-21459-7,Akuntansi
173,18-163,FLOYD A. BEAMS,ADVANCED ACCOUNTING,C.21,PEARSON,2018,657 BE,MALAYSIA,978-1-292-21459-7,Akuntansi
174,18-162,FLOYD A. BEAMS,ADVANCED ACCOUNTING,C.20,PEARSON,2018,657 BE,MALAYSIA,978-1-292-21459-7,Akuntansi
175,10-983,BLOCHER,COST MANAGEMENT MANAJEMEN BIAYA PENEKANAN STRATEGIS,"V.1, C.3",PENERBIT SALEMBA EMPAT,2007,458.6 BL,jakarta,978-979-691-513-2,Ekonomi
176,10-306,BLOCHER,COST MANAGEMENT MANAJEMEN BIAYA PENEKANAN STRATEGIS,"V.1, C.6",PENERBIT SALEMBA EMPAT,2007,458.6 BL,jakarta,978-979-691-513-2,Ekonomi
177,11-049,BLOCHER,COST MANAGEMENT MANAJEMEN BIAYA PENEKANAN STRATEGIS,"V.1, C.5",PENERBIT SALEMBA EMPAT,2007,458.6 BL,jakarta,978-979-691-513-2,Ekonomi
178,10-982,BLOCHER,COST MANAGEMENT MANAJEMEN BIAYA PENEKANAN STRATEGIS,"V.1, C.4",PENERBIT SALEMBA EMPAT,2007,458.6 BL,jakarta,978-979-691-513-2,Ekonomi
179,10-308,BLOCHER,COST MANAGEMENT MANAJEMEN BIAYA PENEKANAN STRATEGIS,"V.1, C.2",PENERBIT SALEMBA EMPAT,2007,458.6 BL,jakarta,978-979-691-513-2,Ekonomi
180,11-050,BLOCHER,COST MANAGEMENT MANAJEMEN BIAYA PENEKANAN STRATEGIS,"V.1, C.1",PENERBIT SALEMBA EMPAT,2007,458.6 BL,jakarta,978-979-691-513-2,Ekonomi
181,10-984,BLOCHER,COST MANAGEMENT MANAJEMEN BIAYA PENEKANAN STRATEGIS,"V.1, C.7",PENERBIT SALEMBA EMPAT,2007,458.6 BL,jakarta,978-979-691-513-2,Ekonomi
182,07-004, Suharyadi, Statistika untuk ekonomi dan keuangan modern,"V.1, C.1",PENERBIT SALEMBA EMPAT,2007,519.5 SU,jakarta,978-979-691-424-1,Ekonomi
183,07-005,Suharyadi,Statistika untuk ekonomi dan keuangan modren,"V.1, C.2",PENERBIT SALEMBA EMPAT,2007,519.5 SU,jakarta,978-979-691-424-1,Ekonomi
184,07-006,Suharyadi,Statistika untuk ekonomi dan keuangan modren,"V.1, C.3",PENERBIT SALEMBA EMPAT,2007,519.5 SU,jakarta,978-979-691-424-1,Ekonomi
185,07-656,Suharyadi,Statistika untuk ekonomi dan keuangan modren,"V.1, C.4",PENERBIT SALEMBA EMPAT,2007,519.5 SU ,jakarta,978-979-691-424-1,Ekonomi
186,07-662,Suharyadi,Statistika untuk ekonomi dan keuangan modren,"V.1, C.5",PENERBIT SALEMBA EMPAT,2007,519.5 SU,jakarta,978-979-691-424-1,Ekonomi
187,10-971,Boone & Kurtz,Contemporary Business ( pengantar bisnis kontemporer ),"V.1, C.1",PENERBIT SALEMBA EMPAT,2007,450 BO,jakarta,978-979-061-016-3,Bisnis
188,10-970,Boone & Kurtz,Contemporary Business ( pengantar bisnis kontemporer ),V.1 ,PENERBIT SALEMBA EMPAT,2007,450 BO,jakarta,978-979-061-016-3,Bisnis
189,16-067,"Prof. Dr. Abdul Halim, M.B.A., Akt.",SISTEM AKUNTANSI SEKTOR PUBLIK, V.1,UPP STIM YKPN,2010,430 HA,Yogyakarta,978-979-3532-42-4,Akuntansi
190,15-117,"Drs. Deliarnov, M.Sc.",EKONOMI POLITIK, C.1,PENERBIT ERLANGGA,2006,335-001 DE ,jakarta,979-781-539-0,Akuntansi
191,08-117,"Rollin Niswonger, CPA,Ph.D, LLD.",PRINSIP-PRINSIP AKUNTANSI,V.2,PENERBIT ERLANGGA,1999,457 NI,jakarta,979-411-729-3,Akuntansi
192,147-004,"Rollin Niswonger, CPA,Ph.D, LLD.",PRINSIP-PRINSIP AKUNTANSI,C-2,PENERBIT ERLANGGA,1999,457 NI,jakarta,979-411-729-3,Akuntansi
193,15-110,CHARLES T. HORNGREN,AKUNTANSI BIAYA PENEKANAN MANAJERIAL ,"ED.12, V.2,C.2",PENERBIT ERLANGGA,2006,336.04 HO,jakarta,978-979-075-116-3,Akuntansi
194, 15-112,CHARLES T. HORNGREN,AKUNTANSI BIAYA PENEKANAN MANAJERIAL ,"ED.12, V.2,C.3",PENERBIT ERLANGGA,2006,336.04 HO,jakarta,978-979-075-116-3,Akuntansi
195,16-217,EUGENE F. Brigham ,FINANCIAL MANAGEMENT,C.4,CENGAGE LEARNING ,2015,658 BR ,USA,978-981-4441-37-7,Manajemen
197,17-169,EUGENE F. Brigham ,FINANCIAL MANAGEMENT,C.2,CENGAGE LEARNING ,2015,658 BR ,USA,978-981-4441-37-7,Manajemen
198,17-168,EUGENE F. Brigham ,FINANCIAL MANAGEMENT,C.1,CENGAGE LEARNING ,2015,658 BR ,USA,978-981-4441-37-7,Manajemen
200,16-094,INDRA BASTIAN,AKUNTANSI UNTUK KECAMATAN & DESA,C.1,PENERBIT ERLANGGA,2015,457.8 BA,jakarta,978-602-298-349-1,Akuntansi
201,16-093,INDRA BASTIAN,AKUNTANSI UNTUK KECAMATAN & DESA,C.2,PENERBIT ERLANGGA,2015,457.8 BA,jakarta,978-602-298-349-1,Akuntansi
202,05-034,JAMES A.O'BRIEN,PENGANTAR SISTEM INFORMASI PRESPEKTIF BISNIS DAN MANAJERIAL,C.1,PENERBIT SALEMBA EMPAT,2005,621.3 O'B,jakarta,979-691-223-6,Teknologi
203,05-035,JAMES A.O'BRIEN,PENGANTAR SISTEM INFORMASI PRESPEKTIF BISNIS DAN MANAJERIAL,C.2,PENERBIT SALEMBA EMPAT,2005,621.3 O'B,jakarta,979-691-223-6,Teknologi
204,10-293,RICHARD E. BAKER,ADVANCED FINANCIAL ACCOUNTING,V.1,PENERBIT SALEMBA EMPAT,2005,457.4 BA,jakarta,979-691-237-6,Akuntansi
205,10-295,RICHARD E. BAKER,ADVANCED FINANCIAL ACCOUNTING,V.2,PENERBIT SALEMBA EMPAT,2005,457.4 BA,jakarta,979-691-237-6,Akuntansi
206,10-296,RICHARD E. BAKER,ADVANCED FINANCIAL ACCOUNTING,C.1,PENERBIT SALEMBA EMPAT,2005,457.4 BA,jakarta,979-691-237-6,Akuntansi
207,07-128,RICHARD E. BAKER,ADVANCED FINANCIAL ACCOUNTING,C.2,PENERBIT SALEMBA EMPAT,2005,457.4 BA,jakarta,979-691-237-6,Akuntansi
208,13-081,R.WAYHE MONDY,MANAJEMEN SUMBER DAYA MANUSIA,"V.2,C.1",PENERBIT ERLANGGA,2008,458.31 MO,jakarta,978-0-13-222595-3,Manajemen
209,13-080,R.WAYHE MONDY,MANAJEMEN SUMBER DAYA MANUSIA,V.2,PENERBIT ERLANGGA,2008,458.31 MO,jakarta,978-0-13-222595-3,Manajemen
210,13-078,R.WAYHE MONDY,MANAJEMEN SUMBER DAYA MANUSIA,V.1,PENERBIT ERLANGGA,2008,458.31 MO,jakarta,978-0-13-222595-3,Manajemen
211,16-167,INDRA BASTIAN,AKUNTANSI UNTUK LSM DAN PARTAI POLITIK,C.1,PENERBIT ERLANGGA,2007,457.8 BA,jakarta,978-979-015-437-7,Akuntansi
212,16-166,INDRA BASTIAN,AKUNTANSI UNTUK LSM DAN PARTAI POLITIK,C.2,PENERBIT ERLANGGA,2007,457.8 BA,jakarta,978-979-015-437-7,Akuntansi
214,16-078,MINTARDJO,ADMINISTRASI BANK MANUAL OPERASIONAL KANTOR CABANG,C.4,PENERBIT ERLANGGA,2013,432.2 MI,jakarta,978-602-241-501-5,Ekonomi
215,16-077,MINTARDJO,ADMINISTRASI BANK MANUAL OPERASIONAL KANTOR CABANG,C.3,PENERBIT ERLANGGA,2013,432.2 MI,jakarta,978-602-241-501-5,Ekonomi
216,16-076,MINTARDJO,ADMINISTRASI BANK MANUAL OPERASIONAL KANTOR CABANG,C.2,PENERBIT ERLANGGA,2013,432.2 MI,jakarta,978-602-241-501-5,Ekonomi
217,16-075,MINTARDJO,ADMINISTRASI BANK MANUAL OPERASIONAL KANTOR CABANG,C.1,PENERBIT ERLANGGA,2013,432.2 MI,jakarta,978-602-241-501-5,Ekonomi
222,11-024,OAULUS SITUMORANG,PENGANTAR PASAR MODAL,C.1,PENERBIT MITRA MACANA MEDIA,2008,432.6 SI,jakarta,978-979-1092-72-2,Ekonomi
223,12-151,JEFF MADURA,INTRODUCTION TO BUSINESS,"V.1,C.9",PENERBIT SALEMBA EMPAT,2007,458 MA,jakarta,978-979-691-413-5,Bisnis
224,12-148,JEFF MADURA,INTRODUCTION TO BUSINESS,"V.1,C.6",PENERBIT SALEMBA EMPAT,2007,458 MA,jakarta,978-979-691-413-5,Bisnis
225,12-143,JEFF MADURA,INTRODUCTION TO BUSINESS,"V.1,C.1",PENERBIT SALEMBA EMPAT,2007,458 MA,jakarta,978-979-691-413-5,Bisnis
227,07-601,PHILIP KOTLER,MANAJEMEN PEMASARAN,"V.2,C.3",PT INDEX KELOMPOK GRAMEDIA,2005,458.8 KO,jakarta,979-683-750-1,Manajemen
230,12-033,MAGDALENA SUKARTONO,PERNIK-PERNIK &DUNIA KERJA,C.1,PENERBIT ANDI ,2008,158.1 SU,Yogyakarta,979-763-973-8,Pengembangan Diri
231,17-055,HUSAINI USMAN,PENGANTAR STATISTIKA,C.1,BUMI PERKASA,2012,515.5 US,jakarta,979-526-222-X,Matematika
233,05-042,DONALD E. KIESO,AKUNTANSI INTERMEDIATE,V.1,PENERBIT ERLANGGA,2002,457.4 KI,jakarta,979-688-449-6,Akuntansi
236,07-096,RICHARD E. BAKER,ADVANCED FINANCIAL ACCOUNTING,C.3 V.1,PENERBIT SALEMBA EMPAT,2005,457 BA,jakarta,979-691-238-4,Akuntansi
237,07-095,RICHARD E. BAKER,ADVANCED FINANCIAL ACCOUNTING,C.2 V.1,PENERBIT SALEMBA EMPAT,2005,457 BA,jakarta,979-691-238-4,Akuntansi
238,10-294,RICHARD E. BAKER,ADVANCED FINANCIAL ACCOUNTING,V.1 C.1 ,PENERBIT SALEMBA EMPAT,2005,457 BA ,jakarta,979-691-238-4,Akuntansi
241,11-029,MOHAMAD SAMSUL,PASAR MODAL DAN MANAJEMEN PORTOFOLIO,C.1,PENERBIT ERLANGGA,2006,432.6 SA,jakarta,979-781-685-0,Keuangan
243,12-048,THOMAS W. ZIMMERER,KEWIRAUSAHAAN DAN MANAJEMEN USAHA KECIL,"V.1, C.6",PENERBIT SALEMBA EMPAT,2008,458 ZI,jakarta,978-979-691-447-7,Kewirausahaan
244,12-047,THOMAS W. ZIMMERER,KEWIRAUSAHAAN DAN MANAJEMEN USAHA KECIL,"V.1,C.5",PENERBIT SALEMBA EMPAT,2008,458 ZI,jakarta,978-979-691-447-7,Kewirausahaan
246,16-123,CHRISTOPHER LOVELOCK,"PEMASARAN JASA MANUSIA, TEKNOLOGI, STRATEGI",C.4,PENERBIT ERLANGGA,2011,658.8 LO,jakarta,978-979-099-474-4,Pemasaran
247,16-121,CHRISTOPHER LOVELOCK,"PEMASARAN JASA MANUSIA, TEKNOLOGI, STRATEGI",C.2,PENERBIT ERLANGGA,2011,658.8 LO,jakarta,978-979-099-474-4,Pemasaran
248,12-051,THOMAS W. ZIMMERER,KEWIRAUSAHAAN DAN MANAJEMEN USAHA KECIL,"V.1,C.9",PENERBIT SALEMBA EMPAT,2008,458 ZI,jakarta,978-979-691-477-7,Kewirausahaan
249,12-050,THOMAS W. ZIMMERER,KEWIRAUSAHAAN DAN MANAJEMEN USAHA KECIL,V.1.C.8,PENERBIT SALEMBA EMPAT,2008,458 ZI,jakarta,978-979-691-477-7,Kewirausahaan
250,12-049,THOMAS W. ZIMMERER,KEWIRAUSAHAAN DAN MANAJEMEN USAHA KECIL,"V.1,C.7",PENERBIT SALEMBA EMPAT,2008,458 ZI,jakarta,978-979-691-477-7,Kewirausahaan
251,11-028,THOMAS W. ZIMMERER,KEWIRAUSAHAAN DAN MANAJEMEN USAHA KECIL,"V.1,C.4",PENERBIT SALEMBA EMPAT,2008,458 ZI,jakarta,978-979-691-477-7,Kewirausahaan
252,11-027,THOMAS W. ZIMMERER,KEWIRAUSAHAAN DAN MANAJEMEN USAHA KECIL,"V.1,C.3",PENERBIT SALEMBA EMPAT,2008,458 ZI,jakarta,978-979-691-477-7,Kewirausahaan
253,10-980,THOMAS W. ZIMMERER,KEWIRAUSAHAAN DAN MANAJEMEN USAHA KECIL,"V.1,C.1",PENERBIT SALEMBA EMPAT,2008,458 ZI,jakarta,978-979-691-477-7,Kewirausahaan
254,10-979,THOMAS W. ZIMMERER,KEWIRAUSAHAAN DAN MANAJEMEN USAHA KECIL,V.1,PENERBIT SALEMBA EMPAT,2008,458 ZI,jakarta,978-979-691-477-7,Kewirausahaan
255,17-261,MOHAMAD SAMSUL,PASAR MODAL DAN MANAJEMEN PORTOFOLIO EDISI II,C.8,PENERBIT ERLANGGA,2015,332.6 SA ,jakarta,978-602-298-012-4,Keuangan
256,17-262,MOHAMAD SAMSUL,PASAR MODAL DAN MANAJEMEN PORTOFOLIO EDISI II,C.9,PENERBIT ERLANGGA,2015,332.6 SA ,jakarta,978-602-298-012-4,Keuangan
257,17-264,MOHAMAD SAMSUL,PASAR MODAL DAN MANAJEMEN PORTOFOLIO EDISI II,C.10,PENERBIT ERLANGGA,2015,332.6 SA ,jakarta,978-602-298-012-4,Keuangan
258,17-261,MOHAMAD SAMSUL,PASAR MODAL DAN MANAJEMEN PORTOFOLIO EDISI II,C.5,PENERBIT ERLANGGA,2015,332.6 SA ,jakarta,978-602-298-012-4,Keuangan
259,17-262,MOHAMAD SAMSUL,PASAR MODAL DAN MANAJEMEN PORTOFOLIO EDISI II,C.6 ,PENERBIT ERLANGGA,2015,332.6 SA ,jakarta,978-602-298-012-4,Keuangan
260,17-263,MOHAMAD SAMSUL,PASAR MODAL DAN MANAJEMEN PORTOFOLIO EDISI II,C.7,PENERBIT ERLANGGA,2015,332.6 SA ,jakarta,978-602-298-012-4,Keuangan
262,17-257,MOHAMAD SAMSUL,PASAR MODAL DAN MANAJEMEN PORTOFOLIO EDISI II,C.1,PENERBIT ERLANGGA,2015,332.6 SA ,jakarta,978-602-298-012-4,Keuangan
263,17-258,MOHAMAD SAMSUL,PASAR MODAL DAN MANAJEMEN PORTOFOLIO EDISI II,C.2,PENERBIT ERLANGGA,2015,332.6 SA ,jakarta,978-602-298-012-4,Keuangan
264,17-259,MOHAMAD SAMSUL,PASAR MODAL DAN MANAJEMEN PORTOFOLIO EDISI II,C.3,PENERBIT ERLANGGA,2015,332.6 SA ,jakarta,978-602-298-012-4,Keuangan
265,17-260,MOHAMAD SAMSUL,PASAR MODAL DAN MANAJEMEN PORTOFOLIO EDISI II,C.4,PENERBIT ERLANGGA,2015,332.6 SA ,jakarta,978-602-298-012-4,Keuangan
267,17-231,J. SUPRANTO,STATISTIK TEORI & APLIKASI,C.4,PENERBIT ERLANGGA,2016,310 SU,jakarta,978-602-298-565-5,Matematika
268,14-224,J. SUPRANTO,STATISTIK TEORI & APLIKASI,"V.2,C.2",PENERBIT ERLANGGA,2009,519.5 SU,jakarta,978-979-033-738-1,Matematika
269,14-241,J. SUPRANTO,STATISTIK TEORI & APLIKASI,"V.1,C.2",PENERBIT ERLANGGA,2008,519.5 SU,jakarta,978-979-033-461-8,Matematika
270,16-157,MOHAMAD SAMSUL,PASAR MODAL DAN MANAJEMEN PORTOFOLIO EDISI II,C.2,PENERBIT ERLANGGA,2015,332.6 SA ,jakarta,978-602-298-012-4,Keuangan
271,16-155,MOHAMAD SAMSUL,PASAR MODAL DAN MANAJEMEN PORTOFOLIO EDISI II,C.1,PENERBIT ERLANGGA,2015,332.6 SA ,jakarta,978-602-298-012-4,Keuangan
273,16-070,JAMES T. MCCLAVE,STATISTIK UNTUK BISNIS DAN EKONOMI,"ED.11, V.1, C.6",PENERBIT ERLANGGA,2011,657.021 MC,jakarta,978-979-099-018-0,Ekonomi
274,16-072,JAMES T. MCCLAVE,STATISTIK UNTUK BISNIS DAN EKONOMI,"ED.11, V.1, C.2",PENERBIT ERLANGGA,2011,657.021 MC,jakarta,978-979-099-018-0,Ekonomi
275,16-071,JAMES T. MCCLAVE,STATISTIK UNTUK BISNIS DAN EKONOMI,"ED.11, V.1, C.1",PENERBIT ERLANGGA,2011,657.021 MC,jakarta,978-979-099-018-0,Ekonomi
276,17-236,JAMES T. MCCLAVE,STATISTIK UNTUK BISNIS DAN EKONOMI,"ED.11, V.1",PENERBIT ERLANGGA,2011,657.021 MC,jakarta,978-979-099-018-0,Ekonomi
277,17-239,JAMES T. MCCLAVE,STATISTIK UNTUK BISNIS DAN EKONOMI,"ED.11,V.1, C.3",PENERBIT ERLANGGA,2011,657.021 MC,jakarta,978-979-099-018-0,Ekonomi
278,16-073,JAMES T. MCCLAVE,STATISTIK UNTUK BISNIS DAN EKONOMI,"ED.11,V.1, C.4",PENERBIT ERLANGGA,2011,657.021 MC,jakarta,978-979-099-018-0,Ekonomi
279,17-237,JAMES T. MCCLAVE,STATISTIK UNTUK BISNIS DAN EKONOMI,"ED.11, V.1, C.5",PENERBIT ERLANGGA,2011,657.021 MC,jakarta,978-979-099-018-0,Ekonomi
281,16-086,JAMES T. MCCLAVE,STATISTIK UNTUK BISNIS DAN EKONOMI,"ED.11, V.2, C.4 ",PENERBIT ERLANGGA,2011,657.021 MC,jakarta,978-602-241-127-7,Ekonomi
282,16-089,JAMES T. MCCLAVE,STATISTIK UNTUK BISNIS DAN EKONOMI,"ED.11, V.2, C.5",PENERBIT ERLANGGA,2011,657.021 MC,jakarta,978-602-241-127-7,Ekonomi
283,15-138,JAMES T. MCCLAVE,STATISTIK UNTUK BISNIS DAN EKONOMI,"ED.11, V.2, C.7",PENERBIT ERLANGGA,2011,657.021 MC,jakarta,978-602-241-127-7,Ekonomi
284,16-087,JAMES T. MCCLAVE,STATISTIK UNTUK BISNIS DAN EKONOMI,"ED.11, V.2, C.6",PENERBIT ERLANGGA,2011,657.021 MC,jakarta,978-602-241-127-7,Ekonomi
285,15-136,JAMES T. MCCLAVE,STATISTIK UNTUK BISNIS DAN EKONOMI,"ED.11, V.2, C.8",PENERBIT ERLANGGA,2011,657.021 MC,jakarta,978-602-241-127-7,Ekonomi
286,17-232,JAMES T. MCCLAVE,STATISTIK UNTUK BISNIS DAN EKONOMI,"ED.11, V.2",PENERBIT ERLANGGA,2011,657.021 MC,jakarta,978-602-241-127-7,Ekonomi
287,17-233,JAMES T. MCCLAVE,STATISTIK UNTUK BISNIS DAN EKONOMI,"ED.11, V.2, C.1",PENERBIT ERLANGGA,2011,657.021 MC,jakarta,978-602-241-127-7,Ekonomi
288,17-231,JAMES T. MCCLAVE,STATISTIK UNTUK BISNIS DAN EKONOMI,"ED.11, V.2, C.2",PENERBIT ERLANGGA,2011,657.021 MC,jakarta,978-602-241-127-7,Ekonomi
289,16-088,JAMES T. MCCLAVE,Statistika untuk ekonomi dan keuangan modren,"ED.11, V.2, C.3",PENERBIT ERLANGGA,2011,657.021 MC,jakarta,978-602-241-127-7,Ekonomi
290,12-127,JAY HEIZER & BARRY RENDER,MANAJEMEN OPRASI,C.4,PENERBIT SALEMBA EMPAT,2009,458.5 HE,jakarta,978-979-061-076-7,Manajemen
291,12-125,JAY HEIZER & BARRY RENDER,MANAJEMEN OPRASI,C.2,PENERBIT SALEMBA EMPAT,2009,458.5 HE,jakarta,978-979-061-076-7,Manajemen
293,11-022,JAY HEIZER & BARRY RENDER,MANAJEMEN OPRASI,C.3,PENERBIT SALEMBA EMPAT,2009,458.5 HE,jakarta,978-979-061-076-7,Manajemen
294,11-020,JAY HEIZER & BARRY RENDER,MANAJEMEN OPRASI,C.1,PENERBIT SALEMBA EMPAT,2009,458.5 HE,jakarta,978-979-061-076-7,Manajemen
295,12-153,ARTHUR J. KEOWN,MANAJEMEN KEUANGAN : PRINSIP DAN PENERAPAN,V.1,PT INDEX KELOMPOK GRAMEDIA,2005,458.1 KE,jakarta,979-683-732-3,Manajemen
296,07-574,CARTER USRY,AKUNTANSI BIAYA,C.4,PENERBIT SALEMBA EMPAT,2004,457.6 CA,jakarta,979-691-185-X,Akuntansi
297,07-573,CARTER USRY,AKUNTANSI BIAYA,C.3,PENERBIT SALEMBA EMPAT,2004,457.6 CA,jakarta,979-691-185-X,Akuntansi
298,07-572,CARTER USRY,AKUNTANSI BIAYA,C.2,PENERBIT SALEMBA EMPAT,2004,457.6 CA,jakarta,979-691-185-X,Akuntansi
299,07-569,CARTER USRY,AKUNTANSI BIAYA,"V.2, C.1",PENERBIT SALEMBA EMPAT,2005,457.6 CA,jakarta,979-691-185-X,Akuntansi
300,15-143,ERNEST F.HAEUSSLER,PENGANTAR MATEMATIKA EKONOMI,"ED.13, V.2, C.1",PENERBIT ERLANGGA,2011,330.0151 HA,jakarta,978-602-241-750-7,Ekonomi
301,15-142,ERNEST F.HAEUSSLER,PENGANTAR MATEMATIKA EKONOMI,"ED.13, V.2",PENERBIT ERLANGGA,2011,330.0151 HA,jakarta,978-602-241-750-7,Ekonomi
302,15-104,ERNEST F.HAEUSSLER,PENGANTAR MATEMATIKA EKONOMI,"ED.13, V.1, C.3",PENERBIT ERLANGGA,2011,330.0151 HA,jakarta,978-602-241-750-7,Ekonomi
303,15-103,ERNEST F.HAEUSSLER,PENGANTAR MATEMATIKA EKONOMI,"ED.13, V.1, C.2",PENERBIT ERLANGGA,2011,330.0151 HA,jakarta,978-602-241-750-7,Ekonomi
304,15-102,ERNEST F.HAEUSSLER,PENGANTAR MATEMATIKA EKONOMI,"ED.13, V.1, C.1",PENERBIT ERLANGGA,2011,330.0151 HA,jakarta,978-602-241-750-7,Ekonomi
305,15-101,ERNEST F.HAEUSSLER,PENGANTAR MATEMATIKA EKONOMI,"ED.13, V.1, ",PENERBIT ERLANGGA,2011,330.0151 HA,jakarta,978-602-241-750-7,Ekonomi
306,16-080,BREALEY MYERS MARCUS,DASAR-DASAR MANAJEMEN KEUANGAN PERUSAHAAN,C.2,PENERBIT ERLANGGA,2007,458.02 BR,jakarta,978-979-033-654-4,Manajemen
307,16-079,BREALEY MYERS MARCUS,DASAR-DASAR MANAJEMEN KEUANGAN PERUSAHAAN,C.1,PENERBIT ERLANGGA,2007,458.02 BR,jakarta,978-979-033-654-4,Manajemen
308,08-041,HARMAN MALAU,MANAJEMEN PEMASARAN,C.4,PENERBIT ALFABETA ,2017,658.81 MA,BANDUNG,978-602-289-261-8,Manajemen
309,17-001,HARMAN MALAU,MANAJEMEN PEMASARAN,C.3,PENERBIT ALFABETA ,2017,658.81 MA,BANDUNG,978-602-289-261-8,Manajemen
310,18-040,HARMAN MALAU,MANAJEMEN PEMASARAN,C.2,PENERBIT ALFABETA ,2017,658.81 MA,BANDUNG,978-602-289-261-8,Manajemen
311,18-041,HARMAN MALAU,MANAJEMEN PEMASARAN,C.1,PENERBIT ALFABETA ,2017,658.81 MA,BANDUNG,978-602-289-261-8,Manajemen
312,07-116,PHILIP KOTLER,MANAJEMEN PEMASARAN,C.2,PT INDEX KELOMPOK GRAMEDIA,2005,458.8 KO,jakarta,979-683-750-1,Manajemen
313,07-115,PHILIP KOTLER,MANAJEMEN PEMASARAN,"V.2, C.1",PT INDEX KELOMPOK GRAMEDIA,2005,458.8 KO,jakarta,979-683-750-1,Manajemen
314,07-641,PHILIP KOTLER,MANAJEMEN PEMASARAN,"V.1, C.2",PT INDEX KELOMPOK GRAMEDIA,2005,458.8 KO,jakarta,979-683-750-1,Manajemen
315,07-640,PHILIP KOTLER,MANAJEMEN PEMASARAN,"V.1, C.1",PT INDEX KELOMPOK GRAMEDIA,2005,458.8 KO,jakarta,979-683-750-1,Manajemen
316,499-275,PHILIP KOTLER,MANAJEMEN PEMASARAN,V.2,PT PRENHALLINDO,1997,658.81 KO,jakarta,979-8901-30-4,Manajemen
319,10-298,IBK BAYANGKARA,AUDIT MANAJEMEN,"C,1",PENERBIT SALEMBA EMPAT,2008,458 BA,jakarta,978-979-691-456-2,Akuntansi
320,15-129,JOHN M IVANCEVICH,PERILAKU DAN MANAJEMEN ORGANISASI,"ED.7, V.1",PENERBIT ERLANGGA,2005,332.06 IV,jakarta,978-979-015-815-3,Manajemen
321,15-130,JOHN M IVANCEVICH,PERILAKU DAN MANAJEMEN ORGANISASI,"ED.7, V.1, C.1",PENERBIT ERLANGGA,2005,332.06 IV,jakarta,978-979-015-815-3,Manajemen
322,15-131,JOHN M IVANCEVICH,PERILAKU DAN MANAJEMEN ORGANISASI,"ED.7, V.1, C.2",PENERBIT ERLANGGA,2005,332.06 IV,jakarta,978-979-015-815-3,Manajemen
323,15-132,JOHN M IVANCEVICH,PERILAKU DAN MANAJEMEN ORGANISASI,"ED.7, V.1, C.3",PENERBIT RINEKA CIPTA,2005,332.06 IV,jakarta,978-979-015-815-3,Manajemen
324,15-054,STEPHEN P. ROBBINS,MANAJEMEN,"V.2, C.1",PENERBIT ERLANGGA,2009,331.894 RO,jakarta,978-979-075-852-0,Manajemen
325,15-055,STEPHEN P. ROBBINS,MANAJEMEN,"V.2, C.2",PENERBIT ERLANGGA,2009,331.894 RO,jakarta,978-979-075-852-0,Manajemen
326,15-056,STEPHEN P. ROBBINS,MANAJEMEN,"V.2, C.3",PENERBIT ERLANGGA,2009,331.894 RO,jakarta,978-979-075-852-0,Manajemen
327,15-053,STEPHEN P. ROBBINS,MANAJEMEN,V.2,PENERBIT ERLANGGA,2009,331.894 RO,jakarta,978-979-075-852-0,Manajemen
328,15-100,STEPHEN P. ROBBINS,MANAJEMEN,"V.1, C.1",PENERBIT ERLANGGA,2009,331.894 RO,jakarta,978-979-075-588-8,Manajemen
329,15-099,STEPHEN P. ROBBINS,MANAJEMEN,"ED.10, V.1",PENERBIT ERLANGGA,2009,331.894 RO,jakarta,978-979-075-588-8,Manajemen
330,14-247,DAVID K EITEMAN,MANAJEMEN KEUANGAN MULTINASIONAL,"V.2, C.1",PENERBIT ERLANGGA,2010,458.1 EI,jakarta,978-979-075-983-1,Manajemen
331,15-122,DAVID K EITEMAN,MANAJEMEN KEUANGAN MULTINASIONAL,"ED.11, V.2, C.1",PENERBIT ERLANGGA,2010,332.042 EI,jakarta,978-979-075-983-1,Manajemen
332,15-121,DAVID K EITEMAN,MANAJEMEN KEUANGAN MULTINASIONAL,"ED.11,V.2, C.2",PENERBIT ERLANGGA,2010,332.042 EI,jakarta,978-979-075-983-1,Manajemen
333,14-246,DAVID K EITEMAN,MANAJEMEN KEUANGAN MULTINASIONAL,V.2,PENERBIT ERLANGGA,2010,458.1 EI,jakarta,978-979-075-983-1,Manajemen
334,17-094,JAY HEIZER & BARRY RENDER,MANAJEMEN OPERASI,C.1,PENERBIT SALEMBA EMPAT,2015,617 HE,jakarta,978-979-061-553-3,Manajemen
338,18-007,FRED R. DAVID,MANAJEMEN STRATEGIK,C.4,PENERBIT SALEMBA EMPAT,2016,529.102 DA,jakarta,978-979-061-693-6,Manajemen
339,10-1000,AHMED RIAHI-BELKAQUI,TEORI AKUNTANSI,"V.1, C.2",PENERBIT SALEMBA EMPAT,2006,457 RI,jakarta,979-265-653-7,Akuntansi
340,10-999,AHMED RIAHI-BELKAQUI,TEORI AKUNTANSI,"V.1, C.1",PENERBIT SALEMBA EMPAT,2006,457 RI,jakarta,979-265-653-7,Akuntansi
341,14-243,DAVID K EITEMAN,MANAJEMEN KEUANGAN MULTINASIONAL,"V.1, C.1",PENERBIT ERLANGGA,2010,458.1 EI,jakarta,978-979-075-380-8,Manajemen
342,14-242,DAVID K EITEMAN,MANAJEMEN KEUANGAN MULTINASIONAL,V.1,PENERBIT ERLANGGA,2010,458.1 EI,jakarta,978-979-075-380-8,Manajemen
343,15-126,DAVID K EITEMAN,MANAJEMEN KEUANGAN MULTINASIONAL,"ED.11, V.1, C.1",PENERBIT ERLANGGA,2010,332.042 EI,jakarta,978-979-075-338.0,Manajemen
344,15-125,DAVID K EITEMAN,MANAJEMEN KEUANGAN MULTINASIONAL,ED.11 V.1,PENERBIT ERLANGGA,2010,332.042 EI,jakarta,978-979-075-380-8,Manajemen
349,07-048,ROBERT N ANTHONY,MANAGEMENT CONTROL SYSTEMN B.1,"V.1, C.2",PENERBIT SALEMBA EMPAT,2005,458.4 AN,jakarta,979-691-219-8,Manajemen
350,14-146,EDWARD J BLOCHER,MANAJEMEN BIAYA PENEKANA STRATEGIS,ED.5,PENERBIT SALEMBA EMPAT,2011,432.6 BI,jakarta,978-979-061-165-8,Manajemen
351,11-045,RAYMOND MCLEOD,SISTEM INFORMASI MANAJEMEN,C.3,PENERBIT SALEMBA EMPAT,2008,458.40 MC,jakarta,978-979-691-453-1,Teknologi
352,11-043,RAYMOND MCLEOD,SISTEM INFORMASI MANAJEMEN,C.1,PENERBIT SALEMBA EMPAT,2008,458.40 MC,jakarta,978-979-691-453-1,Teknologi
353,13-077,PHILIP KOTLER,MANAJEMEN PEMASARAN,"V.1, C.1",PENERBIT ERLANGGA,2009,658.8 KO,jakarta,978-979-075-326-6,Manajemen
354,13-076,PHILIP KOTLER,MANAJEMEN PEMASARAN,V.2,PENERBIT ERLANGGA,2009,658.8 KO,jakarta,978-979-075-326-6,Manajemen
355,13-074,PHILIP KOTLER,MANAJEMEN PEMASARAN,V.1,PENERBIT ERLANGGA,2009,658.8 KO,jakarta,978-979-075-326-6,Manajemen
356,11-030,EUGENE F. Brigham ,DASAR-DASAR MANAJEMEN KEUANGAN,"V.1, C.3",PENERBIT SALEMBA EMPAT,2010,458.1 BR,jakarta,978-981-4319-14-0,Manajemen
357,10-978,EUGENE F. Brigham ,DASAR-DASAR MANAJEMEN KEUANGAN,"V.1,C.2",PENERBIT SALEMBA EMPAT,2010,458.1 BR,jakarta,978-981-4319-14-0,Manajemen
358,11-031,EUGENE F. Brigham ,DASAR-DASAT MANAJEMEN KEUANGAN,"V.1, C.1",PENERBIT SALEMBA EMPAT,2010,458.1 BR,jakarta,978-981-4319-14-0,Manajemen
359,10-976,EUGENE F. Brigham ,DASAR-DASAR MANAJEMEN KEUANGAN,V.1,PENERBIT SALEMBA EMPAT,2010,458.1 BR,jakarta,978-981-4319-14-0,Manajemen
360,11-032,EUGENE F. Brigham ,DASAR-DASAR MANAJEMEN KEUANGAN,"V.2, C.4",PENERBIT SALEMBA EMPAT,2011,458.1 BR,jakarta,978-981-4319-15-7,Manajemen
361,11-038,EUGENE F. Brigham ,DASAR-DASAR MANAJEMEN KEUANGAN,"V.2, C.3",PENERBIT SALEMBA EMPAT,2011,458.1 BR,jakarta,978-981-4319-15-7,Manajemen
362,11-037,EUGENE F. Brigham ,DASAR-DASAR MANAJEMEN KEUANGAN ,"V.2, C.2",PENERBIT SALEMBA EMPAT,2011,458.1 BR,jakarta,978-981-4319-15-7,Manajemen
363,11-033,EUGENE F. Brigham ,DASAR-DASAR MANAJEMEN KEUANGAN,"V.2, C.1",PENERBIT SALEMBA EMPAT,2011,458.1 BR,jakarta,978-981-4319-15-7,Manajemen
364,15-128,RICHARD A. BREALEY,DASAR-DASAR MANAJEMEN KEUANGAN PERUSAHAAN,"ED.5, V.1, C.1",PENERBIT ERLANGGA,2008,332.01 BR,jakarta,978-979-033-313-0,Manajemen
365,15-127,RICHARD A. BREALEY,DASAR-DASAR MANAJEMEN KEUANGAN PERUSAHAAN,"ED.5, V.1, C.2",PENERBIT ERLANGGA,2008,332.01 BR,jakarta,978-979-033-313-0,Manajemen
366,16-080,RICHARD A. BREALEY,DASAR-DASAR MANAJEMEN KEUANGAN PERUSAHAAN,"ED.5, V.1, C.3",PENERBIT ERLANGGA,2008,332.01 BR,jakarta,978-979-033-313-0,Manajemen
367,07-658,DUMAIRY,MATEMATIKA TERAPAN UNTUK BISNIS DAN EKONOMI ,C.1,BPFE YOGYAKARTA,2003,519 DU,Yogyakarta,979-503-828-0,Matematika
368,07-660,DUMAIRY,MATEMATIKA TERAPAN UNTUK BISNIS DAN EKONOMI ,C.3,BPFE YOGYAKARTA,2003,519 DU,Yogyakarta,979-503-828-0,Matematika
371,07-614,EUGENE F. Brigham ,UNDAMENTALS OF FINANCIAL MANAGEMENT,C.2,THOMSON LEARNING,2004,458.1 BR,USA,0-324-17829-8,Manajemen
372,07-615,EUGENE F. Brigham ,DASAR DASAR MANAJEMEN KEUANGAN,"V.1, C.2",PENERBIT SALEMBA EMPAT,2006,432 BR,jakarta,979-691-306-2,Manajemen
375,07-584,EUGENE F. Brigham ,DASAR DASAR MANAJEMEN KEUANGAN,"V.2, C.2",PENERBIT SALEMBA EMPAT,2006,432 BR,jakarta,979-691-306-2,Manajemen
376,07-585,EUGENE F. Brigham ,DASAR DASAR MANAJEMEN KEUANGAN,"V.2, C.3",PENERBIT SALEMBA EMPAT,2006,432 BR,jakarta,979-691-306-2,Manajemen
377,07-586,EUGENE F. Brigham ,DASAR DASAR MANAJEMEN KEUANGAN,"V.2, C.4",PENERBIT SALEMBA EMPAT,2006,432 BR,jakarta,979-691-306-2,Manajemen
379,14-117,JOHN A.PEARCE ,MANAJEMEN STRATEGIS,C.1,PENERBIT SALEMBA EMPAT,2013,458.02 PE,jakarta,978-979-061-255-6,Manajemen
382,15-146,PHILIP KOTLER,PRINSIP PRINSIP PEMASARAN,"ED.12, V.1",PENERBIT ERLANGGA,2008,331.12 KO,jakarta,978-979-033-132-7,Pemasaran
383,15-147,PHILIP KOTLER,PRINSIP PRINSIP PEMASARAN,"ED.12,V.1, C.1",PENERBIT ERLANGGA,2008,331.12 KO,jakarta,978-979-033-132-7,Pemasaran
384,15-145,PHILIP KOTLER,PRINSIP PRINSIP PEMASARAN,"ED.12, V.2, C.1",PENERBIT ERLANGGA,2008,331.12 KO,jakarta,978-979-033-132-7,Pemasaran
387,16-171,INDRA BASTIAN,AKUNTANSI SEKTOR PUBLIK,C.1,PENERBIT ERLANGGA,2010,457.61 BA,jakarta,978-979-075-735-6,Akuntansi
391,16-115,DOMINICK SALVATORE,MIKROEKONOMI,C.1,PENERBIT ERLANGGA,2006,435 SA,jakarta,978-979-015-632-6,Ekonomi
392,15-082,DOMINICK SALVATORE,MIKROEKONOMI,"ED.4,C.2",PENERBIT ERLANGGA,2006,435 SA,jakarta,978-979-015-632-6,Ekonomi
393,16-117,DOMINICK SALVATORE,MIKROEKONOMI,"ED.4, C.3",PENERBIT ERLANGGA,2006,435 SA,jakarta,978-979-015-632-6,Ekonomi
394,16-118,DOMINICK SALVATORE,MIKROEKONOMI,"ED.4, C.4",PENERBIT ERLANGGA,2006,435 SA,jakarta,978-979-015-632-6,Ekonomi
395,16-119,DOMINICK SALVATORE,MIKROEKONOMI,"ED.4, C.5",PENERBIT ERLANGGA,2006,435 SA,jakarta,978-979-015-632-6,Ekonomi
396,15-081,DOMINICK SALVATORE,MIKROEKONOMI,"ED.4, C.6",PENERBIT ERLANGGA,2006,435 SA,jakarta,978-979-015-632-6,Ekonomi
397,16-116,DOMINICK SALVATORE,MIKROEKONOMI,"ED.4, C.7",PENERBIT ERLANGGA,2006,435 SA,jakarta,978-979-015-632-6,Ekonomi
398,15-083,DOMINICK SALVATORE,MIKROEKONOMI,"ED.4, C.8",PENERBIT ERLANGGA,2006,435 SA,jakarta,978-979-015-632-6,Ekonomi
403,10-304,JOHN A.PEARCE ,MANAJEMEN STRATEGIS,V.1,PENERBIT SALEMBA EMPAT,2008,458 PE,jakarta,978-979-691-462-3,Manajemen
404,08-004,SISWANTO,OPERATIONS RESEARCH,C.2,PENERBIT ERLANGGA,2007,339 SI,jakarta,979-781-836-5,Riset
405,08-003,SISWANTO,OPERATIONS RESEARCH,C.3,PENERBIT ERLANGGA,2007,339 SI,jakarta,979-781-836-5,Riset
407,10-212,RUDIANTO,PENGANGGARAN,C.1,PENERBIT ERLANGGA,2009,430 RU,jakarta,978-979-033-742-8,Manajemen
409,14-167,CATUR SASONGKO,ANGGARAN,C.1,PENERBIT SALEMBA EMPAT,2010,432.6 SA,jakarta,978-979-061-118-4,Manajemen
410,07-035,SURYANA,KEWIRAUSAHAAN,C.3,PENERBIT SALEMBA EMPAT,2006,438.7 SU,jakarta,979-691-297 X,Kewirausahaan
412,07-135,ARTHUR J. KEOWN,MANAJEMEN KEUANGAN PRINSIP PRINSIP DAN APLIKASI,V.1,PT INDEX KELOMPOK GRAMEDIA,2004,458.1 KE,jakarta,979-683-415-4,Manajemen
414,08-096,RICKY W. GRIFFIN,MANAJEMEN,V.1,PENERBIT ERLANGGA,2002,458 GR,jakarta,979-741-441-8,Manajemen
415,15-079,KARL E. CASE,PRINSIP PRINSIP EKONOMI,"ED.8,C.2",PENERBIT ERLANGGA,2007,330.1 CA,jakarta,978-979-033-400-7,Ekonomi
416,15-080,KARL E. CASE,PRINSIP PRINSIP EKONOMI,"ED.8,V.1,C.1",PENERBIT ERLANGGA,2007,330.1 CA,jakarta,978-979-033-400-7,Ekonomi
417,15-046,MUNAWAR ISMAIL,SISTEM EKONOMI INDONESIA,C.7,PENERBIT ERLANGGA,2014,430.9 IS,jakarta,978-602-298-262-3,Ekonomi
418,15-045,MUNAWAR ISMAIL,SISTEM EKONOMI INDONESIA,C.6 ,PENERBIT ERLANGGA,2014,430.9 IS,jakarta,978-602-298-262-3,Ekonomi
419,16-101,MUNAWAR ISMAIL,SISTEM EKONOMI INDONESIA,C.5,PENERBIT ERLANGGA,2014,430.9 IS,jakarta,978-602-298-262-3,Ekonomi
420,16-105,MUNAWAR ISMAIL,SISTEM EKONOMI INDONESIA,C.4,PENERBIT ERLANGGA,2014,430.9 IS,jakarta,978-602-298-262-3,Ekonomi
421,16-104,MUNAWAR ISMAIL,SISTEM EKONOMI INDONESIA,C.3,PENERBIT ERLANGGA,2014,430.9 IS,jakarta,978-602-298-262-3,Ekonomi
422,16-102,MUNAWAR ISMAIL,SISTEM EKONOMI INDONESIA,C.1,PENERBIT ERLANGGA,2014,430.9 IS,jakarta,978-602-298-262-3,Ekonomi
423,16-103,MUNAWAR ISMAIL,SISTEM EKONOMI INDONESIA,C.2,PENERBIT ERLANGGA,2014,430.9 IS,jakarta,978-602-298-262-3,Ekonomi
425,97-306,WARREN BENNIS ,ORGANISASI ABAD 21,C.2,PT PUSTAKA BINAMAN PRESSINDO,1995,458.1 BE,jakarta,979-442-048-4,
432,14-110,MUNIR FUADY,PENGANTAR HUKUM BISNIS,C.2,PT CITRA ADITYA BAKTI BANDUNG,2008,450 FU,BANDUNG,979-414-849-5,Bisnis
433,14-111,MUNIR FUADY,PENGANTAR HUKUM BISNIS,C.1,PT CITRA ADITYA BAKTI BANDUNG,2008,450 FU,BANDUNG,979-414-849-5,Bisnis
437,16-153,FAISAL H BASRI,PEREKONOMIAN INDONESIA,C.4,PENERBIT ERLANGGA,2002,430.9 BA,jakarta,979-688-475-5,Ekonomi
439,14-226,EUGENE F. Brigham ,MANAJEMEN KEUANGAN,C.1,PENERBIT ERLANGGA,2001,458.15 BR,jakarta,979-488-135-7,Manajemen
441,18-131,ZULIAN YAMIN,MANAJEMEN KUANTITATIF UNTUK BISNIS,C.3,  BPFE YOGYAKARTA,1999,107 YA,Yogyakarta,979-503-302-6,Manajemen
443,07-140,WALUYO,PERPAJAKAN INDONESIA,"ED.7, V.1",PENERBIT SALEMBA EMPAT,2007,436.2 WA,jakarta,978-979-691-391-6,Ekonomi
445,16-001,SUBRAMANYAM,ANALISIS LAPORAN KEUANGAN,"ED.11, C.1",PENERBIT SALEMBA EMPAT,2018,332 SUB,jakarta,978-979-061-720-9,Akuntansi
446,14-210,SUKRISNO AGOES,AUDITING,"ED.4, V.1, C.1",PENERBIT SALEMBA EMPAT,2012,457.7 AG,jakarta,978-979-061-228-0,Akuntansi
447,07-638,SUKRISNO AGOES,AUDITING,"V.1,C.2",PENERBIT SALEMBA EMPAT,2004,457.4 AG,jakarta,979-8140-65-6,Akuntansi
448,07-639,SUKRISNO AGOES,AUDITING,"V.1, C.3",PENERBIT SALEMBA EMPAT,2004,457.4 AG,jakarta,979-8140-65-6,Akuntansi
451,15-149,AHMAD ERANI YUSTIKA,"EKONOMI KELEMBAGAAN PARADIGMA,TEORI,DAN KEBIJAKAN",C.1,PENERBIT ERLANGGA,2013,330.1552 YU,jakarta,978-602-241-359-2,Ekonomi
452,16-139,AHMAD ERANI YUSTIKA,"EKONOMI KELEMBAGAAN PARADIGMA,TEORI,DAN KEBIJAKAN",C.2,PENERBIT ERLANGGA,2013,330.1552 YU,jakarta,978-602-241-359-2,Ekonomi
455,400-065,C.S.T. KANSIL,POKOK POKOK PENGETAHUAN HUKUM DAGANG INDONESIA,V.1,SINAR GRAFIKA,1994,430.02 KA,jakarta,979-8061-59-4,Bisnis
457,07-520,RIMSKY K JUDISSENO,SISTEM MONETER DAN PERBANKAN DI INDONESIA,C.1,PT GRAMEDIA PUSTAKA UTAMA,2002,432.2 JU,jakarta,979-686-895-4,Ekonomi
465,13-067,HERRY PURWONO,DASAR DASAR PERPAJAKAN&AKUNTANSI PAJAK,C.1,PENERBIT ERLANGGA,2010,436.2 PU,jakarta,978-979-075-782-0,Akuntansi
466,15-074,HERRY PURWONO,DASAR DASAR PERPAJAKAN&AKUNTANSI PAJAK,C.5,PENERBIT ERLANGGA,2010,336.2 PU,jakarta,978-979-075-782-0,Akuntansi
467,15-075,HERRY PURWONO,DASAR DASAR PERPAJAKAN&AKUNTANSI PAJAK,C.2,PENERBIT ERLANGGA,2010,336.2 PU,jakarta,978-979-075-782-0,Akuntansi
468,15-073,HERRY PURWONO,DASAR DASAR PERPAJAKAN&AKUNTANSI PAJAK,C.4,PENERBIT ERLANGGA,2010,336.2 PU,jakarta,978-979-075-782-0,Akuntansi
469,13-066,HERRY PURWONO,DASAR DASAR PERPAJAKAN&AKUNTANSI PAJAK,C.3,PENERBIT ERLANGGA,2010,336.2 PU,jakarta,978-979-075-782-0,Akuntansi
471,16-139,Ahmad Erani Yustika ,"EKONOMI KELEMBAGAAN PARADIGMA,TEORI,DAN KEBIJAKAN",C2,PENERBIT ERLANGGA,2012,458 YU,jakarta,007-333-001-0,Ekonomi
472,15-149, Ahmad Erani Yustika ,"EKONOMI KELEMBAGAAN PARADIGMA,TEORI,DAN KEBIJAKAN",C2,PENERBIT ERLANGGA,2012,458 YU,jakarta,007-333-001-0,Ekonomi
479,10-314,Mardiasmo ,PERPAJAKAN ,c.1,Penerbit Andi Yogyakarta,2008,436.2 MA ,Yogyakarta,978-979-29-0644-8,Perpajakan
480,10-313,Mardiasmo  ,PERPAJAKAN ,C2,Penerbit Andi Yogyakarta,2008,436.2 MA ,Yogyakarta,978-979-29-0644-8,Perpajakan
481,10-1001,Mardiasmo ,PERPAJAKAN ,C.2,Penerbit Andi Yogyakarta,2008,436.2 MA ,Yogyakarta,978-979-29-0644-8,Perpajakan
488,12-154, Mardiasmo,PERPAJAKAN ,C1,Penerbit Andi Yogyakarta,2008,436.2 MA ,Yogyakarta,978-979-29-0644-8,Perpajakan
489,12-155,Mardiasmo  ,PERPAJAKAN ,C.1,Penerbit Andi Yogyakarta,2008,436.2 MA ,Yogyakarta,978-979-29-0644-8,Perpajakan
490,12-156, Mardiasmo ,PERPAJAKAN ,C.2,Penerbit Andi Yogyakarta,2008,436.2 MA ,Yogyakarta,978-979-29-0644-8,Perpajakan
491, 19-080,Mardiasmo  ,PERPAJAKAN ,C.2,Penerbit Andi Yogyakarta,2018,336.2 ma 2018,Yogyakarta,978-979-29-6794-4,Perpajakan
493,16-126,ALVIN A. ARENS,AUDITING DAN JASA ASSURANCE,"V.2, C.1",PENERBIT ERLANGGA,2014,457.7 AR,jakarta,978-602-298-600-3,Akuntansi
494,16-136,ALVIN A. ARENS,AUDITING DAN JASA ASSURANCE,"V.1, C.5",PENERBIT ERLANGGA,2014,457.7 AR,jakarta,978-602-298-540-2,Akuntansi
495,16-135,ALVIN A. ARENS,AUDITING DAN JASA ASSURANCE,"V.1,C.4",PENERBIT ERLANGGA,2014,457.7 AR,jakarta,978-602-298-540-2,Akuntansi
496,16-132,ALVIN A. ARENS,AUDITING DAN JASA ASSURANCE,"V.1., C.1",PENERBIT ERLANGGA,2014,457.7 AR,jakarta,978-602-298-540-2,Akuntansi
497,15-133,ALVIN A. ARENS,AUDITING DAN JASA ASSURANCE,"ED.12, V.2",PENERBIT ERLANGGA,2008,332.01 AR,jakarta,978-979-033-828-9,Akuntansi
498,15-134,ALVIN A. ARENS,AUDITING DAN JASA ASSURANCE,"ED.12, V.2, C.1",PENERBIT ERLANGGA,2008,332.01 AR,jakarta,978-979-033-828-9,Akuntansi
499,06-018,DJOKO PURWANTO,KOMUNIKASI BISNIS,C.1,PENERBIT ERLANGGA,2006,334 PUR,jakarta,979-781-242-1,Bisnis
500,07-494,JEFF MADURA,PENGANTAR BISNIS,V.2,PENERBIT SALEMBA EMPAT,2001,450.6 MA,jakarta,979-691-077-2,Bisnis
501,08-111,LOUIS E.BOONE,PENGANTAR BISNIS,V.2,PENERBIT ERLANGGA,2002,450 BO,jakarta,979-688-294-9,Bisnis
502,08-112,LOUIS E.BOONE,PENGANTAR BISNIS,V.1,PENERBIT ERLANGGA,2002,450 BO,jakarta,979-688-294-9,Bisnis
504,15-059,ISMAIL SOLIHIN,PENGANTAR BISNIS,C.6 ,PENERBIT ERLANGGA,2014,338.7 SO,jakarta,978-602-298-285-2,Bisnis
505,16-148,ISMAIL SOLIHIN,PENGANTAR BISNIS,C.5,PENERBIT ERLANGGA,2014,338.7 SO,jakarta,978-602-298-285-2,Bisnis
506,16-147,ISMAIL SOLIHIN,PENGANTAR BISNIS,C.4,PENERBIT ERLANGGA,2014,338.7 SO,jakarta,978-602-298-285-2,Bisnis
507,15-060,ISMAIL SOLIHIN,PENGANTAR BISNIS,C.3,PENERBIT ERLANGGA,2014,338.7 SO,jakarta,978-602-298-285-2,Bisnis
508,16-145,ISMAIL SOLIHIN,PENGANTAR BISNIS,C.2,PENERBIT ERLANGGA,2014,338.7 SO,jakarta,978-602-298-285-2,Bisnis
509,16-144,ISMAIL SOLIHIN,PENGANTAR BISNIS,C.1,PENERBIT ERLANGGA,2014,338.7 SO,jakarta,978-602-298-285-2,Bisnis
511,10-322,WILLIAM C. BOYNTON,MODERN AUDITING,V.2,PENERBIT ERLANGGA,2003,457.4 BO,jakarta,979-688-709-6,Akuntansi
514,19-164,ALVIN A. ARENS,AUDITING AND ASSURANCE SERVICES,C.2,PERSON EDUCATION LIMITED,2014,647.43. AR 33 BEA,USA,978-0-273-79000-6,Akuntansi
515,07-103,WILLIAM F. MESSIER ,AUDITING & ASSURANCE SERVICES,C.3,PENERBIT SALEMBA EMPAT,2006,457.4 ME,jakarta,979-691-261-9,Akuntansi
516,10-991,WILLIAM F. MESSIER ,AUDITING & ASSURANCE SERVICES,C.2,PENERBIT SALEMBA EMPAT,2006,457.4 ME,jakarta,979-691-261-9,Akuntansi
517,10-992,WILLIAM F. MESSIER ,AUDITING & ASSURANCE SERVICES,V.2,PENERBIT SALEMBA EMPAT,2005,457.4 ME,jakarta,979-691-261-9,Akuntansi
518,10-994,WILLIAM F. MESSIER ,AUDITING & ASSURANCE SERVICES,"V.2, C.2",PENERBIT SALEMBA EMPAT,2005,457.4 ME,jakarta,979-691-261-9,Akuntansi
519,10-324,WILLIAM C. BOYNTON,MODERN AUDITING,"V.2, C.2",PENERBIT ERLANGGA,2003,457.4 BO,jakarta,979-688-709-6,Akuntansi
520,10-323,WILLIAM C. BOYNTON,MODERN AUDITING,"V.2,C.1",PENERBIT ERLANGGA,2003,457.4 BO,jakarta,979-688-709-6,Akuntansi
521,10-990,WILLIAM F. MESSIER ,AUDITING & ASSURANCE SERVICES,"V.1, C.1",PENERBIT SALEMBA EMPAT,2006,457.4 ME,jakarta,979-691-261-9,Akuntansi
523,10-282,CHRISTOPHER PASS,KAMUS LENGKAP EKONOMI,ED.2,PENERBIT ERLANGGA,1994,430.03 PA,jakarta,55-06-015-6,Ekonomi
527,99-023,WALTER NICHOLSON,TEORI EKONOMI MIKRO,C.2,PT. Raja Grafindo Persada,1985,438.5 NI,jakarta,979-421-168-0,Ekonomi
531,18-130,ZULIAN YAMIN,MANAJEMEN KUANTITATIF UNTUK BISNIS,C.2,BPFE YOGYAKARTA,1995,107 YA,Yogyakarta,979-503-302-6,Manajemen
537,99-315,DOMINICK SALVATORE,EKONOMI INTERNASIONAL,V.1,PENERBIT ERLANGGA,1997,437 SA,jakarta,979-411-505-3,Ekonomi
538,07-570,CARTER USRY,AKUNTANSI BIAYA,"ED.12,V.2,C.2",PENERBIT SALEMBA EMPAT,2005,457.6 CA,jakarta,979-691-187-6,Akuntansi
539,17-095,JAY HEIZER & BARRY RENDER,MANAJEMEN OPERASI,C.2,PENERBIT SALEMBA EMPAT,2015,658 RE,jakarta,978-979-061-553-3,Manajemen
540,07-606,CARL S. WARREN,ACCOUNTING 21E,C.3,THOMSON LEARNING,2005,457 WA,SINGAPORE,0-324-22501-6,Akuntansi
545,499-231,BASIR BARTHOS,MANAJEMEN KEARSIPAN,C.3,BUMI AKSARA,1997,457.5 BA,jakarta,979-526-017-0,Manajemen
548,07-525,M.FUAD,PENGANTAR BISNIS,C.1,PT.GRAMEDIA PUSTAKA UTAMA,2005,450 FU,jakarta,979-655-850-5,Bisnis
550,01-025,BAMBANG HARIYANTO,PENGARSIPAN DAN AKSES PADA SISTEM BERKAS,C.2,INFORMATIKA BANDUNG,2000,005 HA,BANDUNG,979-95779-6-9,Teknologi
552,01-013,MALCOLM PEEL,KIAT SUKSES RAPAT,C.2,PT GRAMEDIA PUSTAKA UTAMA,1993,458.4 PE,jakarta,979-511-730-0,
564,07-630,RAJA BAMBANG SUTIKNO,THE POWER OF EMPATHY IN LEADERSHIP,C.4,PT GRAMEDIA PUSTAKA UTAMA,2007,458.4 SW,jakarta,978-979-22-2912-7,Manajemen
571,15-048,MUNIR FUADY,HUKUMAN JAMIAN UTANG,C.2,PENERBIT ERLANGGA,2013,343.071 FU,jakarta,978-602-241-577-0,Hukum
573,96-517,HARRY L.BALDWIN,ESSENTIAL GEOMETRY,C.1,McGRAW-HILL BOOK COMPANY,1993,516 BAL,USA,0-07-004537-2,Matematika
574,08-097,RICKY W. GRIFFIN,MANAJEMEN,V.2,PENERBIT ERLANGGA,2004,458 GR,jakarta,979-741-442-6,Manajemen
577,19-188,ANANG ISKANDAR,BAHAYA NARKOBA,C.1,PT TIRTA ASIH JAYA,2015,001 IS,SURAKARTA,978-602-71957-0-7,Kesehatan
578,13-092,FAISAL H BASRI,PEREKONOMIAN INDONESIA,C.1,PENERBIT ERLANGGA,2002,438.9 BA,jakarta,979-688-475-5,Ekonomi
580,18-005,FRED R. DAVID,MANAJEMEN STRATEGIK,C.2,PENERBIT SALEMBA EMPAT,2015,529.1.02 DA,jakarta,978-979-061-693-6,Manajemen
582,05-043,DONALD E. KIESO,AKUNTANSI INTERMEDIATE,V.2,PENERBIT ERLANGGA,2002,457.4 KI,jakarta,979-688-450-X,Akuntansi
584,16-182,N.H.T SIAHAAN,HUKUM LINGKUNGAN DAN EKOLOGI PEMBANGUNAN,C.1,PENERBIT ERLANGGA,2004,340.1 SI,jakarta,979-741-053-6,Hukum
588,25-691,BRIAN . YATE,APPLICATIONS IN SELF- MANAGEMENT,C.2,WADSWORTH PUBLISHING COMPANY,1986,458 YA,CALIFORNIA,0-536-0754-3,Manajemen
590,499-375,R.SANTOSO BROTODIHARDJO,PENGANTAR ILMU HUKUM PAJAK,C.2,PT  ERESCO BANDUNG,1993,436 BR,BANDUNG,979-8020-12-X,Perpajakan
597,16-175,SUWARSONO MUHAMMAD,STRATEGI PEMERINTAHAN: MANAJEMEN ORGANISASI PUBLIK,C.2,PENERBIT ERLANGGA,2012,430.1 MU,jakarta,978-602-241-267-0,Manajemen
599,499-389,SANTOSO BROTODIHARDJO ,ILMU HUKUM PAJAK,C.5,PT ERESCO BANDUNG,1991,436 BR,BANDUNG,979-8020-12-X,Perpajakan
600,07-613,HOUSTON & BRIGHAM,FUNDAMENTAL OF FINACIAL MANAGEMENT,"V.1,C.1",PENERBIT SALEMBA EMPAT,2006,432 BR,jakarta,979-691-307-0,Manajemen
603,15-114,ROBERT S. PINDYCK,MIKROEKONOMI ,"ED.8, C.1",PENERBIT ERLANGGA,2013,331.12 PI,jakarta,978-602-241-751-4,Ekonomi
604,13-075,PHILIP KOTLER,MANAJEMEN PEMASARAN,"V.1.,C.1",PENERBIT ERLANGGA,2009,458.8 KO,jakarta,978-979-033-935-4,Manajemen
606,499-206,PHILIP S.ORSINO,SUCCESSFUL BUSINESS EXPANSION,C.2,PT GRAMEDIA PUSTAKA UTAMA,1996,458.4 OR,jakarta,979-655-135-7,Manajemen
608,99-251,NOPIRIN,EKONOMI MONETER,V.2,BPFE YOGYAKARTA,1998,432 NO,Yogyakarta,979-503-049-3,Ekonomi
610,15-072,PHILIP KOTLER,MARKETING 3.0,C.3,PENERBIT ERLANGGA,2010,381 KO,jakarta,978-979-075-961-9,Pemasaran
612,19-073,M. MUNANDAR,BUDGETING,C.1,BPFE YOGYAKARTA,2015,658.154 MU,Yogyakarta,979-503-051-5,Manajemen
618,10-318,"Dr. Guritno Mangkoesoebroto, M.Ec.",EKONOMI PUBLIK,C.2,BPFE YOGYAKARTA,1991,430 MA,Yogyakarta,979-503-293-3,Ekonomi
619,10-316,"Dr. Guritno Mangkoesoebroto, M.Ec",EKONOMI PUBLIK,C.1,BPFE YOGYAKARTA,1991,430 MA,Yogyakarta,979-503-293-3,Ekonomi
629,16.174,SUWARSONO MUHAMMAD,STRATEGI PEMERINTAHAN: MANAJEMEN ORGANISASI PUBLIK,C1,PENERBIT ERLANGGA,2012,430.1 MU,jakarta,978-602-241-267-0,Manajemen
630,16.175,SUWARSONO MUHAMMAD,STRATEGI PEMERINTAHAN: MANAJEMEN ORGANISASI PUBLIK,C2,PENERBIT ERLANGGA,2012,430.1 MU,jakarta,978-602-241-267-0,Manajemen
632,16.186,N. h. T. Siahaan ,HUKUM LINGKUNGAN DAN EKOLOGI PEMBANGUNAN,C4,PENERBIT ERLANGGA,2004,340.1 Si,jakarta,979-741-053-6,Hukum
634,16.184,N. h. T. Siahaan ,HUKUM LINGKUNGAN DAN EKOLOGI PEMBANGUNAN,C2,PENERBIT ERLANGGA,2004,340.1 Si,jakarta,979-741-053-6,Hukum
635,16.185,N. h. T. Siahaan ,HUKUM LINGKUNGAN DAN EKOLOGI PEMBANGUNAN,C3,PENERBIT ERLANGGA,2004,340.1 Si,jakarta,979-741-053-6,Hukum
636,25-691,Brian T. Yates,APPLICATIONS IN SELF- MANAGEMENT,C.2,WADSWORTH PUBLISHING COMPANY,1986,458 Ya,CALIFORNIA,0-536-0754-3,Manajemen
637,05 043,DONALD E. KIESO,AKUNTANSI INTERMEDIATE,V2,PENERBIT ERLANGGA,2001,457.4 Ki,jakarta,979-688-450-x,Akuntansi
638,18-005,FRED R. DAVID,Manajemen Strategik,C2,PENERBIT SALEMBA EMPAT,2015,529.1.02 DA,jakarta,978-979-061-693-6,Manajemen
642,19-188,Dr. Anang Iskandar,BAHAYA NARKOBA (sejarah narkoba),C.1,PT. Tirta Asiih Jaya ,2015,011 IS N ,jakarta,978-602-71957-1-4,Sejarah
643,13-092,FAISAL H BASRI,PEREKONOMIAN INDONESIA,C.1,PENERBIT ERLANGGA,2002,438.9 BA ,jakarta,979-688-475-5,Ekonomi
647,02-040,Daniel J. Adams,Teologi Lintas Budaya (reflek siberat di asia),C.4,PT. BPK Gunung Mulia,1996,261 Ad,jakarta,979-415-660-4,Teologi
648,11-017,"Prof. Dr. Mardiasmo, MBA, Ak",Akuntansi SEKTOR PUBLIK,C2,Penerbit Andi Yogyakarta,2002,457.6 Ma ,Yogyakarta,978-979-29-0779-7,Akuntansi
649,99-222,Richard I. Levin ,Pengambilann Keputusan Secara Kuantitatif,C.2,PT RAJA GRAFINDO PERSADA ,1997,458.4 Le,Jakarta,979-421-373-X,Manajemen
656,19-057,H.M. YACOB IBRAHIM,STUDI KELAYAKAN BISNIS,C.1,PENERBIT RINEKA CIPTA,2009,650 HU,JAKARTA,978-979-518-748-6,Bisnis
658,07-527,M. FUAD,PENGANTAR BISNIS,C.2,PENERBIT PT GRAMEDIA PUSTAKA UTAMA,2005,450 FU,JAKARTA,979-655-850-5,Bisnis
666,99-194,JOPIE JUSUF,ANALISIS KREDIT UNTUK ACCOUNT OFFICER,C.2,PT GRAMEDIA PUSTAKA UTAMA,1998,432.7 JU,JAKARTA,979-605-187-7,Bisnis
668,499-297,DANIEL L YADIN,CREATING EFFECTIVE MARKETING COMMUNICATIONS,C.2,PT GRAMEDIA PUSTAKA UTAMA,1999,458.8 YA,JAKARTA,979-655-281-7,Pemasaran
672,400-066,C.S.T. KANSIL,HUKUM DAGANG INDONESIA,"V.1, C.2",SINAR GRAFIKA,1994,430.02 KA,JAKARTA,979-8061-59-4,Hukum
676,99-237,ALEXANDER HAMILTON INSTITUTE,SISTEM LAPORAN KEUANGAN YANG EFEKTIF,C.2,PT ELEX MEDIA KOMPUTINDO,1993,457.9 HA,JAKARTA,979-537-181-9,Akuntansi
681,15-052,SULISTIOWATI,TANGGUNG JAWAB HUKUM PADA PERUSAHAAN GRUP DI INDONESIA,C.1,PENERBIT ERLANGGA,2013,343.05268 SU,JAKARTA,978-602-241-752-1,Hukum
683,16-138,AHMAD ERANI YUSTIKA,"EKONOMI KELEMBAGAAN PARADIGMA,TEORI,DAN KEBIJAKAN",C.1,PENERBIT ERLANGGA,2013,458 YU,JAKARTA,978-602-241-359-2,Ekonomi
685,07-620,INDRA SUHARDJONO,AKUNTANSI PERBANKAN,V.1,PENERBIT SALEMBA EMPAT,2006,457.4 SU,JAKARTA,979-691-293-7,Akuntansi
687,07-539,SISWANTO SUTOJO,MANAJEMEN BANK UMUM,C.2,PT DAMAR MULIA PUSTAKA,2007,432  SU,JAKARTA,978-979-9365-18-7,Manajemen
688,10-1058,ANTO DAJAN,PENGANTAR METODE STATISTIK JILID 1,V.1,PUSTAKA LP3ES INDONESIA,1986,519.5 DA,JAKARTA,979-8015-18-5,Matematika
691,400-081,DUMAIRY,PEREKONOMIAN INDONESIA,C.2,PENERBIT ERLANGGA,1999,437.5 DU,JAKARTA,979-411-479-0,Ekonomi
694,10-1008,DUMAIRY,MATEMATIKA TERAPAN UNTUK BISNIS DAN EKONOMI ,C.5,BPFE YOGYAKARTA,2003,519 DU,Yogyakarta,979-503-828-0,Matematika
698,14-233,MARKONAH,MATEMATIKA KEUANGAN TEORI SINGKAT DAN SOAL-SOAL,C.3,PENERBIT ERLANGGA,2009,515 MA,JAKARTA,978-979-075-040-1,Matematika
699,14-232,MARKONAH,MATEMATIKA KEUANGAN TEORI SINGKAT DAN SOAL-SOAL,C.2,PENERBIT ERLANGGA,2009,515 MA,JAKARTA,978-979-075-040-1,Matematika
700,14-231,MARKONAH,MATEMATIKA KEUANGAN TEORI SINGKAT DAN SOAL-SOAL,C.1,PENERBIT ERLANGGA,2009,515 MA,JAKARTA,978-979-075-040-1,Matematika
702,17-245,DODDY ARIEFIANTO,EKONOMETRIKA,C.1,PENERBIT ERLANGGA,2012,657.021 AR,JAKARTA,978-979-099-887-2,Ekonomi
703,17-244,DODDY ARIEFIANTO,EKONOMETRIKA,C.5,PENERBIT ERLANGGA,2012,657.021 AR,JAKARTA,978-979-099-887-2,Ekonomi
704,17-246,DODDY ARIEFIANTO,EKONOMETRIKA,C.2,PENERBIT ERLANGGA,2012,657.021 AR,JAKARTA,978-979-099-887-2,Ekonomi
705,17-248,DODDY ARIEFIANTO,EKONOMETRIKA,C.4,PENERBIT ERLANGGA,2012,657.021 AR,JAKARTA,978-979-099-887-2,Ekonomi
706,17-247,DODDY ARIEFIANTO,EKONOMETRIKA,C.3,PENERBIT ERLANGGA,2012,657.021 AR,JAKARTA,978-979-099-887-2,Ekonomi
708,17-226,M. AZRUL TANJUNG,KOPERASI DAN UMKM,C.4,PENERBIT ERLANGGA,2017,657.9 TA,JAKARTA,978-602-434-231-9,Kewirausahaan
709,17-225,M. AZRUL TANJUNG,KOPERASI DAN UMKM,C.3,PENERBIT ERLANGGA,2017,657.9 TA,JAKARTA,978-602-434-231-9,Kewirausahaan
710,17-224,M. AZRUL TANJUNG,KOPERASI DAN UMKM,C.2,PENERBIT ERLANGGA,2017,657.9 TA,JAKARTA,978-602-434-231-9,Kewirausahaan
711,17-223,M. AZRUL TANJUNG,KOPERASI DAN UMKM,C.1,PENERBIT ERLANGGA,2017,657.9 TA,JAKARTA,978-602-434-231-9,Kewirausahaan
712,16-112,DAVID S/ KODRAT & WINA CHIRSTINA,ENTRE PRENEUR SHIP ,C.3,PENERBIT ERLANGGA,2015,430.1 KO,JAKARTA,978-602-298-557-0,Kewirausahaan
713,61-111,DAVID S/ KODRAT & WINA CHIRSTINA,ENTRE PRENEUR SHIP ,C.2,PENERBIT ERLANGGA,2015,430.1 KO,JAKARTA,978-602-298-557-0,Kewirausahaan
714,16-110,DAVID S/ KODRAT & WINA CHIRSTINA,ENTRE PRENEUR SHIP ,C.1,PENERBIT ERLANGGA,2015,430.1 KO,JAKARTA,978-602-298-557-0,Kewirausahaan
715,16-109,DAVID S/ KODRAT & WINA CHIRSTINA,ENTRE PRENEUR SHIP ,C.4,PENERBIT ERLANGGA,2015,430.1 KO,JAKARTA,978-602-298-557-0,Kewirausahaan
716,16-111,SULISTIOWATI,PERUSAHAAN GRUP DI INDONESIA ,C.2,PENERBIT ERLANGGA,2010,438.7 SU,JAKARTA,978-979-075-679-3,
717,16-109,SULISTIOWATI,PERUSAHAAN GRUP DI INDONESIA ,C4,PENERBIT ERLANGGA,2010,438.7 SU,JAKARTA,978-979-075-679-3,
718,16-110,SULISTIOWATI,PERUSAHAAN GRUP DI INDONESIA ,C.3,PENERBIT ERLANGGA,2010,438.7 SU,JAKARTA,978-979-075-679-3,
719,15-044,SULISTIOWATI,PERUSAHAAN GRUP DI INDONESIA ,C.1,PENERBIT ERLANGGA,2010,438.7 SU,JAKARTA,978-979-075-679-3,
720,16-112,SULISTIOWATI,PERUSAHAAN GRUP DI INDONESIA ,C1,PENERBIT ERLANGGA,2010,438.7 SU,JAKARTA,978-979-075-679-3,
723,96-1636,LEIGHT DOHERTY,Decesion Support and Expert System ,C.2,SOUTH-WESTERN PUBLISHING CO.,1986,458.05 LE,AMERICA,0-538-10910-6,Teknologi
725,96-1637,LEIGHT DOHERTY,Decesion Support and Expert System ,C.3,SOUTH-WESTERN PUBLISHING CO.,1986,458.05 LE,AMERICA,0-538-10910-6,Teknologi
726,07-040,DAN M. GUY,AUDITING,C.1,PENERBIT ERLANGGA,1999,457.4 GU,jAKARTA,979-688-362-7,Akuntansi
731,99-314,DOMINICK SALVATORE,EKONOMI INTERNASIONAL,V.2,PENERBIT ERLANGGA,1997,437 SA,JAKARTA,979-411-547-9,Ekonomi
738,15-052,SULISTIOWATI,Tanggung jawab hukum pada perusahaan grup di Indonesia,C.1,PENERBIT ERLANGGA,2013,343.0 Su,JAKARTA,978-602-241-752-1,Hukum
744,07-539,SISWANTO SUTOJO,THE MANAGEMEN OF COMMERCIALBAN,C.2,PT DAMAR MULIA PUSTAKA,2007,432 SU,JAKARTA,978-979-9365-18-7,Manajemen
746,07-620,INDRA BASTIAN SUHARDJONO,AKUNTANSI PERBANKAN,V.1,PENERBIT SALEMBA EMPAT,2006,457.4 SU,JAKARTA,979-691-292-9,Akuntansi
747,01-320,Budi Santosa,Dinamika Politik Indonesia Kontemporer,V.1,RajaGrafindo Persada,2012,320.9598 BS,Jakarta,978-602-425-111-5,Politik
,02-320,Dewi Lestari,Teori Politik Modern,V.2,Salemba Humanika,2010,320.01 DL,Bandung,978-979-076-012-7,Politik
,03-321,Ahmad Fauzi,Sistem Pemerintahan dan Demokrasi,V.1,Prenadamedia Group,2016,321.8 AF,Yogyakarta,978-602-8730-92-7,Politik
,04-327,Indah Pratiwi,Politik Luar Negeri Indonesia Pasca-Reformasi,V.1,Andi Offset,2018,327.598 IP,Jakarta,978-602-401-422-9,Politik
,05-320,Surya Negara,Pengantar Ilmu Politik,V.3,Remaja Rosdakarya,2009,320 SN,Bandung,978-979-692-218-5,Politik
,06-324,Denny Nugraha,Pemilu dan Partai Politik di Indonesia,V.1,Mitra Wacana Media,2014,324.9598 DN,Jakarta,978-602-202-314-7,Politik
,07-342,Rina Sari,Politik Hukum di Era Digital,V.1,Sinar Grafika,2021,342.085 RS,Jakarta,978-602-7987-44-0,Politik
,08-320,Yusuf Ramdhan,Analisis Kebijakan Publik,V.2,Ghalia Indonesia,2015,320.6 YR,Depok,978-602-8748-21-7,Politik
,09-320,Marina Hartati,Sejarah Perkembangan Sistem Politik Dunia,V.1,Erlangga,2011,320.9 MH,Surabaya,978-602-412-228-8,Politik
,10-320,Tommy Lesmana,Politik Identitas dan Konflik Sosial,V.1,Deepublish,2022,320.5 TL,Yogyakarta,978-623-02-5329-1,Politik
,01-200,H. Ahmad Baiquni,Sejarah Agama-Agama Dunia,V.1,Sinar Harapan,2013,200 AB,Jakarta,978-602-1234-11-0,Agama
,02-297,Ust. Zainal Arifin,Panduan Praktis Ibadah Harian,V.2,Gema Insani,2017,297 ZA,Jakarta,978-979-561-234-5,Agama
,03-220,Pdt. Daniel Simanjuntak,Teologi Sistematik Dasar,V.1,BPK Gunung Mulia,2015,220 DS,Bandung,978-602-1234-22-8,Agama
,04-230,Dr. Maria Yuli,Filsafat dan Ajaran Kristen Awal,V.1,Kanisius,2020,230 MY,Yogyakarta,978-623-02-4567-8,Agama
,05-290,Gus Ahmad Farhan,Islam dan Toleransi Antar Umat,V.1,LKiS,2018,297.3 GF,Yogyakarta,978-602-412-356-0,Agama
,01-600,Rudi Hartono,Pengantar Teknologi Informasi,V.1,Andi Publisher,2014,600 RH,Yogyakarta,978-602-8580-88-1,Teknologi
,02-620,Dian Lestari,Mekanika Otomotif,V.2,Erlangga,2016,620 DL,Jakarta,978-602-3741-99-6,Teknologi
,03-621,Budi Permana,Sistem Kontrol Otomatis,V.1,Graha Ilmu,2019,621.3 BP,Surabaya,978-602-8730-45-3,Teknologi
,04-640,Ratna Widya,Jaringan Komputer dan Internet,V.3,Informatika,2021,640 RW,Bandung,978-623-231-124-1,Teknologi
,05-650,Taufik Hidayat,Artificial Intelligence untuk Pemula,V.1,Deepublish,2022,650 TH,Jakarta,978-623-02-9999-6,Teknologi
,01-100,Ignatius Susanto,Pengantar Filsafat,V.1,Kanisius,2011,100 IS,Yogyakarta,978-602-1234-90-6,Filsafat
,02-101,Rizky Pratama,Logika dan Argumen dalam Filsafat,V.1,Pustaka Pelajar,2015,101 RP,Jakarta,978-602-1234-99-9,Filsafat
,03-102,Antonius Kurniawan,Etika dan Moral dalam Filsafat,V.2,Grasindo,2017,102 AK,Bandung,978-602-7851-88-8,Filsafat
,04-103,Yohana Melani,Sejarah Filsafat Barat dan Timur,V.1,LKiS,2016,103 YM,Yogyakarta,978-602-8730-99-6,Filsafat
,05-104,Damar Wijaya,Manusia dan Eksistensialisme,V.1,Deepublish,2021,104 DW,Jakarta,978-623-02-8888-0,Filsafat
,01-610,dr. Andi Saputra,Dasar-Dasar Anatomi & Fisiologi,V.1,EGC,2013,610 AS,Jakarta,978-979-044-455-3,Kesehatan
,02-611,dr. Indah Yuliana,Gizi Seimbang untuk Kesehatan Optimal,V.1,Salemba Medika,2015,611 IY,Jakarta,978-602-8570-21-9,Kesehatan
,03-612,dr. Rina Kartika,Kesehatan Reproduksi Remaja,V.2,Pustaka Pelajar,2017,612 RK,Yogyakarta,978-602-1234-77-6,Kesehatan
,04-613,dr. Joko Wibisono,Panduan Kesehatan Keluarga,V.1,Erlangga,2019,613 JW,Surabaya,978-623-231-333-7,Kesehatan
,05-614,dr. Siti Aisyah,Vaksin dan Imunisasi: Teori dan Praktik,V.1,Graha Ilmu,2021,614 SA,Bandung,978-623-02-4567-0,Kesehatan
,06-615,dr. Bambang Santosa,Farmakologi Dasar,V.3,Deepublish,2016,615 BS,Jakarta,978-602-8730-55-2,Kesehatan
,07-616,dr. Clara Novita,Deteksi Dini Penyakit Kronis,V.1,Andi Publisher,2020,616 CN,Yogyakarta,978-602-1234-89-0,Kesehatan
,08-617,dr. Rudi Haryanto,Psikologi Kesehatan Mental,V.2,LKiS,2018,617 RH,Yogyakarta,978-602-412-111-4,Kesehatan
,09-618,dr. Farida Lestari,Kesehatan Ibu dan Anak,V.1,Salemba Empat,2022,618 FL,Jakarta,978-623-02-6789-3,Kesehatan
,10-619,dr. Yudi Firmansyah,Panduan Hidup Sehat untuk Lansia,V.1,Kanisius,2015,619 YF,Yogyakarta,978-602-8730-91-0,Kesehatan
,01-150,dr. Fitriani Lestari,Pengantar Psikologi Umum,V.1,Prenada Media,2012,150 FL,Jakarta,978-979-013-789-8,Psikologi
,02-151,dr. Samuel Nugroho,Psikologi Perkembangan Anak & Remaja,V.2,Salemba Humanika,2014,151 SN,Bandung,978-602-412-223-4,Psikologi
,03-152,dr. Maria Sari,Teori Kepribadian Modern,V.1,Rajawali Pers,2016,152 MS,Yogyakarta,978-602-8730-88-0,Psikologi
,04-153,dr. Andi Rahmat,Psikologi Sosial untuk Mahasiswa,V.1,Pustaka Pelajar,2015,153 AR,Surabaya,978-623-231-301-2,Psikologi
,05-154,dr. Lina Kurniawati,Terapi Kognitif dan Perilaku,V.1,Gramedia,2018,154 LK,Jakarta,978-602-8730-22-4,Psikologi
,06-155,dr. Dimas Firmansyah,Psikologi Abnormal,V.1,Erlangga,2020,155 DF,Bandung,978-623-02-1223-9,Psikologi
,07-156,dr. Nurul Azizah,Psikologi Klinis,V.2,LKiS,2019,156 NA,Yogyakarta,978-602-412-118-3,Psikologi
,08-157,dr. Faisal Hadi,Psikologi Pendidikan,V.1,Deepublish,2021,157 FH,Jakarta,978-602-987-122-9,Psikologi
,09-158,dr. Riana Setiawati,Psikologi Industri dan Organisasi,V.1,Kanisius,2022,158 RS,Jakarta,978-602-1234-45-5,Psikologi
,10-159,dr. Eka Surya,Dasar-Dasar Psikometri,V.1,Andi Publisher,2023,159 ES,Surabaya,978-602-412-178-6,Psikologi
,01-230,Pdt. Jonathan Limbong,Teologi Sistematika Kristen,V.1,BPK Gunung Mulia,2011,230 JL,Jakarta,978-979-415-000-4,Teologi
,02-231,Dr. Maria Lase,Etika Kristen dan Masyarakat,V.1,Kanisius,2013,231 ML,Yogya,978-602-8730-50-7,Teologi
,03-232,Pdt. Thomas Halomoan,Hermeneutika Alkitab,V.1,Andi Publisher,2016,232 TH,Bandung,978-602-987-333-2,Teologi
,04-233,Dr. Ruben Simanjuntak,Teologi Perjanjian Lama & Baru,V.2,Pustaka Teologi,2018,233 RS,Jakarta,978-623-02-4561-1,Teologi
,05-234,Pdt. Alex Ginting,Apologetika Modern,V.1,Salemba Rohani,2014,234 AG,Medan,978-602-8730-12-5,Teologi
,06-235,Dr. Yohanes Pardede,Studi Kata dalam Alkitab,V.1,Gramedia,2015,235 YP,Jakarta,978-623-231-100-1,Teologi
,07-236,Pdt. Salomo Nainggolan,Sejarah Gereja,V.1,Lembaga Penerbit,2017,236 SN,Bandung,978-602-412-188-1,Teologi
,08-237,Pdt. Nina Sitompul,Teologi Wanita dan Kesetaraan Gender,V.1,LKiS,2020,237 NS,Yogyakarta,978-602-412-211-6,Teologi
,09-238,Dr. Benny Setiawan,Eschatologi: Akhir Zaman Menurut Alkitab,V.1,Kanisius,2021,238 BS,Jakarta,978-602-8730-92-8,Teologi
,10-239,Dr. Esther Hutapea,Teologi Kontekstual Indonesia,V.1,Deepublish,2022,239 EH,Medan,978-602-987-777-1,Teologi
,01-620,dr. Alif Nurwahid,Pengantar Ilmu Kedokteran Dasar,V.1,EGC,2012,620 AN,Jakarta,978-979-044-111-8,Kedokteran
,02-621,dr. Vina Pratiwi,Mikrobiologi Klinik Modern,V.1,UI Press,2015,621 VP,Jakarta,978-602-8730-41-5,Kedokteran
,03-622,dr. Daniel Lumbantobing,Ilmu Bedah Umum,V.1,Salemba Medika,2017,622 DL,Jakarta,978-602-1234-91-3,Kedokteran
,04-623,dr. Nurul Hikmah,Anatomi Klinis Tubuh Manusia,V.1,Andi Publisher,2019,623 NH,Bandung,978-623-02-4455-1,Kedokteran
,05-624,dr. Wahyu Firmansyah,Histologi Dasar Manusia,V.1,EGC,2016,624 WF,Jakarta,978-979-692-331-6,Kedokteran
,06-625,dr. Santi Widodo,Farmakologi Klinik,V.2,Deepublish,2020,625 SW,Bandung,978-602-412-000-6,Kedokteran
,07-626,dr. Dicky Halim,Epidemiologi dan Kesehatan Masyarakat,V.1,LKiS,2021,626 DH,Yogya,978-602-987-345-1,Kedokteran
,08-627,dr. Eva Yunita,Patologi Anatomi,V.1,Erlangga,2018,627 EY,Jakarta,978-623-02-1234-0,Kedokteran
,09-628,dr. Tommy Wijaya,Diagnostik Laboratorium Medis,V.1,Salemba Medika,2022,628 TW,Jakarta,978-602-8730-90-0,Kedokteran
,10-629,dr. Intan Lestari,Imunologi Dasar,V.1,Andi Publisher,2023,629 IL,Bandung,978-623-231-889-5,Kedokteran
,01-100,Prof. S. Hadiwijoyo,Pengantar Ilmu Filsafat,V.1,Pustaka Pelajar,2014,100 SH,Jakarta,978-602-8730-10-4,Filsafat
,02-101,Dr. H. Suryadi,Filsafat Barat Klasik,V.1,Kanisius,2016,101 HS,Yogyakarta,978-602-412-150-9,Filsafat
,03-102,R. Kartini Sinaga,Etika dan Filsafat Moral,V.2,Salemba Empat,2017,102 KS,Jakarta,978-602-1234-54-6,Filsafat
,04-103,J. Sudrajat,Filsafat Timur,V.1,Graha Ilmu,2015,103 JS,Bandung,978-623-02-1122-3,Filsafat
,05-104,D. Yulianto,Logika dan Penalaran,V.1,Deepublish,2019,104 DY,Jakarta,978-623-231-298-6,Filsafat
,06-105,A. Manullang,Filsafat Manusia,V.1,LKiS,2016,105 AM,Bandung,978-602-8730-66-1,Filsafat
,07-106,Dr. R. Triyono,Teori Pengetahuan,V.1,Andi Publisher,2018,106 RT,Yogyakarta,978-602-8570-19-8,Filsafat
,08-107,N. Lestari,Filsafat Pendidikan,V.2,Erlangga,2020,107 NL,Jakarta,978-623-231-567-4,Filsafat
,09-108,Prof. M. Darwis,Filsafat Ilmu,V.1,Salemba Empat,2021,108 MD,Jakarta,978-602-8730-45-6,Filsafat
,10-109,S. Dewantara,Nilai-Nilai Hidup dalam Filsafat,V.1,Kanisius,2019,109 SD,Yogyakarta,978-623-02-3333-1,Filsafat
,11-110,T. Wibowo,Filsafat Eksistensialisme,V.1,Pustaka Setia,2017,110 TW,Bandung,978-602-412-321-3,Filsafat
,12-111,J. Napitupulu,Filsafat Hukum,V.1,Deepublish,2016,111 JN,Medan,978-623-231-678-2,Filsafat
,13-112,L. Agustinus,Filsafat Kehidupan dan Realita,V.1,BPK Gunung Mulia,2021,112 LA,Bandung,978-602-02-8543-1,Filsafat
,14-113,D. Herlina,Filsafat Analitik,V.1,Graha Ilmu,2022,113 DH,Surabaya,978-623-231-334-2,Filsafat
,15-114,R. Sitorus,Pemikiran Filsafat Plato dan Aristoteles,V.1,Andi Publisher,2015,114 RS,Yogyakarta,978-602-8730-33-9,Filsafat
,16-115,E. Soekarno,Dasar-dasar Etika,V.1,LKiS,2019,115 ES,Jakarta,978-602-412-222-3,Filsafat
,17-116,P. Wahyuni,Logika Praktis,V.2,Erlangga,2018,116 PW,Bandung,978-602-8730-90-2,Filsafat
,18-117,S. Marbun,Sejarah Pemikiran Filsafat,V.1,Kanisius,2017,117 SM,Jakarta,978-623-231-223-5,Filsafat
,19-118,T. Putra,Filsafat Modern,V.1,Deepublish,2020,118 TP,Bandung,978-623-02-6780-0,Filsafat
,20-119,H. Sinaga,Refleksi Filsafat dan Spiritualitas,V.1,Salemba Empat,2022,119 HS,Medan,978-623-02-4567-1,Filsafat
,01-100,Prof. S. Hadiwijoyo,Pengantar Ilmu Filsafat,V.1,Pustaka Pelajar,2014,100 SH,Jakarta,978-602-8730-10-4,Filsafat
,02-101,Dr. H. Suryadi,Filsafat Barat Klasik,V.1,Kanisius,2016,101 HS,Yogyakarta,978-602-412-150-9,Filsafat
,03-102,R. Kartini Sinaga,Etika dan Filsafat Moral,V.2,Salemba Empat,2017,102 KS,Jakarta,978-602-1234-54-6,Filsafat
,04-103,J. Sudrajat,Filsafat Timur,V.1,Graha Ilmu,2015,103 JS,Bandung,978-623-02-1122-3,Filsafat
,05-104,D. Yulianto,Logika dan Penalaran,V.1,Deepublish,2019,104 DY,Jakarta,978-623-231-298-6,Filsafat
,06-105,A. Manullang,Filsafat Manusia,V.1,LKiS,2016,105 AM,Bandung,978-602-8730-66-1,Filsafat
,07-106,Dr. R. Triyono,Teori Pengetahuan,V.1,Andi Publisher,2018,106 RT,Yogyakarta,978-602-8570-19-8,Filsafat
,08-107,N. Lestari,Filsafat Pendidikan,V.2,Erlangga,2020,107 NL,Jakarta,978-623-231-567-4,Filsafat
,09-108,Prof. M. Darwis,Filsafat Ilmu,V.1,Salemba Empat,2021,108 MD,Jakarta,978-602-8730-45-6,Filsafat
,10-109,S. Dewantara,Nilai-Nilai Hidup dalam Filsafat,V.1,Kanisius,2019,109 SD,Yogyakarta,978-623-02-3333-1,Filsafat
,11-110,T. Wibowo,Filsafat Eksistensialisme,V.1,Pustaka Setia,2017,110 TW,Bandung,978-602-412-321-3,Filsafat
,12-111,J. Napitupulu,Filsafat Hukum,V.1,Deepublish,2016,111 JN,Medan,978-623-231-678-2,Filsafat
,13-112,L. Agustinus,Filsafat Kehidupan dan Realita,V.1,BPK Gunung Mulia,2021,112 LA,Bandung,978-602-02-8543-1,Filsafat
,14-113,D. Herlina,Filsafat Analitik,V.1,Graha Ilmu,2022,113 DH,Surabaya,978-623-231-334-2,Filsafat
,15-114,R. Sitorus,Pemikiran Filsafat Plato dan Aristoteles,V.1,Andi Publisher,2015,114 RS,Yogyakarta,978-602-8730-33-9,Filsafat
,16-115,E. Soekarno,Dasar-dasar Etika,V.1,LKiS,2019,115 ES,Jakarta,978-602-412-222-3,Filsafat
,17-116,P. Wahyuni,Logika Praktis,V.2,Erlangga,2018,116 PW,Bandung,978-602-8730-90-2,Filsafat
,18-117,S. Marbun,Sejarah Pemikiran Filsafat,V.1,Kanisius,2017,117 SM,Jakarta,978-623-231-223-5,Filsafat
,19-118,T. Putra,Filsafat Modern,V.1,Deepublish,2020,118 TP,Bandung,978-623-02-6780-0,Filsafat
,20-119,H. Sinaga,Refleksi Filsafat dan Spiritualitas,V.1,Salemba Empat,2022,119 HS,Medan,978-623-02-4567-1,Filsafat
,01-900,John Smith,Sejarah Dunia Kuno,V.1,Gramedia,2010,900 JS,Jakarta,978-602-0000-01-1,Sejarah
,02-901,Maria Dewi,Perang Dunia II: Dampak dan Akibatnya,V.1,Erlangga,2014,901 MD,Bandung,978-602-0000-02-8,Sejarah
,03-902,David Arnold,Revolusi Industri di Eropa,V.2,Andi Publisher,2016,902 DA,Yogyakarta,978-602-0000-03-5,Sejarah
,04-903,Fransiska Ardi,Perjalanan Sejarah Indonesia Pra-Kolonial,V.1,Salemba Humanika,2018,903 FA,Surabaya,978-602-0000-04-2,Sejarah
,05-904,Hendra Lie,Sejarah Dunia Modern,V.3,Graha Ilmu,2021,904 HL,Jakarta,978-602-0000-05-9,Sejarah
,06-905,Linda Harapan,Sejarah Benua Amerika,V.1,Kanisius,2015,905 LH,Yogyakarta,978-602-0000-06-6,Sejarah
,07-906,Charles Tan,Kolonialisme dan Perlawanan Rakyat,V.2,Deepublish,2013,906 CT,Bandung,978-602-0000-07-3,Sejarah
,08-907,Monica Lestari,Sejarah Zaman Penjelajahan Samudera,V.1,EGC,2019,907 ML,Jakarta,978-602-0000-08-0,Sejarah
,09-908,Arman Setiawan,Gerakan Kemerdekaan Asia-Afrika,V.2,LKiS,2017,908 AS,Surakarta,978-602-0000-09-7,Sejarah
,10-909,Veronica Aditya,Sejarah Peradaban Mesir Kuno,V.1,Salemba Empat,2020,909 VA,Jakarta,978-602-0000-10-3,Sejarah
,11-910,William Tanuwijaya,Penjajahan dan Perubahan Sosial,V.1,Gadjah Mada Press,2011,910 WT,Yogyakarta,978-602-0000-11-0,Sejarah
,12-911,Edwin Satria,Perang Dunia I: Latar dan Akibat,V.2,Gramedia,2016,911 ES,Bandung,978-602-0000-12-7,Sejarah
,13-912,Clara Kusuma,Renaisans dan Revolusi Ilmiah,V.1,Erlangga,2013,912 CK,Jakarta,978-602-0000-13-4,Sejarah
,14-913,Ronald A. Limbong,Sejarah Asia Timur,V.2,Andi Publisher,2018,913 RL,Surabaya,978-602-0000-14-1,Sejarah
,15-914,Jefri Adrian,Sejarah Papua: Zaman Kolonial Hingga Kini,V.1,LKiS,2022,914 JA,Jakarta,978-602-0000-15-8,Sejarah
,16-915,Lina Rachman,Sejarah Revolusi Prancis,V.1,Graha Ilmu,2014,915 LR,Yogyakarta,978-602-0000-16-5,Sejarah
,17-916,Benny Setyo,Perkembangan Sistem Politik Dunia,V.1,Kanisius,2015,916 BS,Bandung,978-602-0000-17-2,Sejarah
,18-917,Arifin Haris,Sejarah Politik Amerika Latin,V.1,Deepublish,2019,917 AH,Jakarta,978-602-0000-18-9,Sejarah
,19-918,Henry William,Peradaban Yunani dan Romawi,V.1,Andi Publisher,2021,918 HW,Surabaya,978-602-0000-19-6,Sejarah
,20-919,Elsa Margaretha,Perkembangan Sejarah Pendidikan Dunia,V.1,Salemba Humanika,2017,919 EM,Jakarta,978-602-0000-20-2,Sejarah
,01-200,Pdt. Budi Siregar,Teologi Perjanjian Lama,V.1,BPK Gunung Mulia,2012,200 BS,Jakarta,978-602-0001-01-1,Agama
,02-201,Pdt. Hendra Tanu,Yesus dalam Sejarah dan Iman,V.1,Kanisius,2015,201 HT,Yogyakarta,978-602-0001-02-8,Agama
,03-202,Pdt. Thomas J. Sihombing,Pengantar Perjanjian Baru,V.1,Gloria Press,2014,202 TS,Surabaya,978-602-0001-03-5,Agama
,04-203,Pdt. Maria Panggabean,Sejarah Gereja Mula-Mula,V.1,Kalam Hidup,2017,203 MP,Bandung,978-602-0001-04-2,Agama
,05-204,Pdt. Yakub Saragih,Dogmatika Kristen Dasar,V.2,BPK Gunung Mulia,2020,204 YS,Jakarta,978-602-0001-05-9,Agama
,06-205,Pdt. Siska Manalu,Etika Kristen dalam Dunia Modern,V.1,Lembaga SABDA,2016,205 SM,Salatiga,978-602-0001-06-6,Agama
,07-206,Pdt. Ronald Aritonang,Pengantar Teologi Sistematik,V.1,Kanisius,2018,206 RA,Yogyakarta,978-602-0001-07-3,Agama
,08-207,Pdt. Frans Lumban Gaol,Kristologi: Studi tentang Kristus,V.1,Gloria Press,2013,207 FL,Jakarta,978-602-0001-08-0,Agama
,09-208,Pdt. Ester Sitompul,Kitab Wahyu dan Akhir Zaman,V.2,Kalam Hidup,2019,208 ES,Surabaya,978-602-0001-09-7,Agama
,10-209,Pdt. Jonathan Sitanggang,Bimbingan Rohani Kristen,V.1,BPK Gunung Mulia,2021,209 JS,Bandung,978-602-0001-10-3,Agama
,11-210,Pdt. Agnes Tobing,Sejarah Misi Kristen Dunia,V.1,Kanisius,2011,210 AT,Jakarta,978-602-0001-11-0,Agama
,12-211,Pdt. Daniel Naibaho,Teologi Paulus dan Surat-Suratnya,V.1,Kalam Hidup,2016,211 DN,Surabaya,978-602-0001-12-7,Agama
,13-212,Pdt. Roy Situmeang,Apologetika Kristen Modern,V.1,Gloria Press,2014,212 RS,Medan,978-602-0001-13-4,Agama
,14-213,Pdt. Melisa Siahaan,Teologi Praktis dan Pelayanan Gereja,V.1,Lembaga SABDA,2017,213 MS,Jakarta,978-602-0001-14-1,Agama
,15-214,Pdt. Lukas Tamba,Kitab Kejadian: Tafsir dan Aplikasi,V.1,BPK Gunung Mulia,2018,214 LT,Yogyakarta,978-602-0001-15-8,Agama
,16-215,Pdt. Christine Sitorus,Dasar-Dasar Iman Kristen,V.1,Gloria Press,2013,215 CS,Bandung,978-602-0001-16-5,Agama
,17-216,Pdt. Yosua Manik,Panduan Sekolah Sabat Remaja,V.1,Kalam Hidup,2022,216 YM,Jakarta,978-602-0001-17-2,Agama
,18-217,Pdt. Nathan Sipayung,Injil Sinoptik: Perspektif dan Harmonisasi,V.1,Kanisius,2015,217 NS,Surabaya,978-602-0001-18-9,Agama
,19-218,Pdt. Debora Lumbantobing,Doa dan Kehidupan Rohani Kristen,V.1,BPK Gunung Mulia,2019,218 DL,Medan,978-602-0001-19-6,Agama
,20-219,Pdt. Jonathan Manalu,Roh Kudus dan Pelayanan Kristen,V.1,Gloria Press,2020,219 JM,Jakarta,978-602-0001-20-2,Agama
,01-340,Prof. Dr. Budi Santosa,Hukum Perdata Indonesia,V.1,Sinar Grafika,2018,340 BS,Jakarta,978-602-1234-100-1,Hukum
,02-341,Maria A. Simanjuntak,Hukum Tata Negara,V.2,Mitra Wacana Media,2020,341 MS,Bandung,978-602-1234-101-8,Hukum
,03-342,Prof. Dr. Dedi Firmansyah,Pengantar Ilmu Hukum,V.3,Ghalia Indonesia,2017,342 DF,Jakarta,978-602-1234-102-5,Hukum
,04-343,T. R. Situmorang,Hukum dan Masyarakat,V.1,Rajawali Pers,2021,343 TR,Surabaya,978-602-1234-103-2,Hukum
,05-344,D. A. Manulang,Hukum Pidana Umum,V.2,Prenadamedia Group,2019,344 DA,Jakarta,978-602-1234-104-9,Hukum
,06-345,R. S. Nugroho,Hukum Internasional Dasar,V.1,Salemba Humanika,2018,345 RS,Yogyakarta,978-602-1234-105-6,Hukum
,07-346,L. H. Tambunan,Hukum Acara Perdata,V.2,Pustaka Bangsa,2022,346 LT,Medan,978-602-1234-106-3,Hukum
,08-347,M. S. Harefa,Hukum Agraria dan Pertanahan,V.1,Andi Publisher,2020,347 MS,Jakarta,978-602-1234-107-0,Hukum
,09-348,R. G. Sidabutar,Hukum Perlindungan Konsumen,V.1,Elex Media,2019,348 RG,Bandung,978-602-1234-108-7,Hukum
,10-349,Frans Manurung,Hukum Lingkungan Hidup,V.1,UGM Press,2017,349 FM,Yogyakarta,978-602-1234-109-4,Hukum
,11-350,Dr. Anita Tumbur,Etika dan Hukum Profesi,V.1,Kencana,2021,350 AT,Jakarta,978-602-1234-110-0,Hukum
,12-351,A. Y. Sitohang,Hukum Acara Pidana,V.1,Graha Ilmu,2016,351 AYS,Bandung,978-602-1234-111-7,Hukum
,13-352,S. H. Manik,Hukum dan HAM,V.1,Deepublish,2018,352 SHM,Jakarta,978-602-1234-112-4,Hukum
,14-353,J. Siregar,Hukum Perusahaan Indonesia,V.1,Salemba Empat,2022,353 JS,Medan,978-602-1234-113-1,Hukum
,15-354,L. Tobing,Hukum Adat Nusantara,V.1,Rajagrafindo Persada,2020,354 LT,Jakarta,978-602-1234-114-8,Hukum
,16-355,M. Tambunan,Studi Kasus Hukum Perdata,V.2,Graha Ilmu,2021,355 MT,Bandung,978-602-1234-115-5,Hukum
,17-356,R. Tobing,Hukum Perburuhan,V.1,UII Press,2019,356 RT,Yogyakarta,978-602-1234-116-2,Hukum
,18-357,Frans Pardede,Hukum Pajak Dasar,V.1,Mitra Media,2022,357 FP,Jakarta,978-602-1234-117-9,Hukum
,19-358,D. R. Hutapea,Hukum Waris di Indonesia,V.1,Sinar Grafika,2018,358 DRH,Medan,978-602-1234-118-6,Hukum
,20-359,R. L. Marpaung,Pengantar Hukum Ekonomi,V.1,Salemba Humanika,2020,359 RLM,Jakarta,978-602-1234-119-3,Hukum
,01-510,Dr. Ahmad Santoso,Aljabar Linear dan Matriks,V.1,Salemba Empat,2015,510 AS,Jakarta,978-602-3456-01-1,Matematika
,02-510,Yulianto Wijaya,Matematika Dasar untuk Ekonomi,V.2,Andi Publisher,2018,510 YW,Yogyakarta,978-602-3456-02-8,Matematika
,03-510,Diah Retno,Kalkulus Diferensial & Integral,V.1,Erlangga,2016,510 DR,Jakarta,978-602-3456-03-5,Matematika
,04-510,Thomas Hadiwijaya,Statistika Dasar,V.3,Graha Ilmu,2019,510 TH,Bandung,978-602-3456-04-2,Matematika
,05-510,Slamet Riyadi,Teori Peluang dan Aplikasinya,V.1,Deepublish,2020,510 SR,Malang,978-602-3456-05-9,Matematika
,06-510,Ratna Lestari,Matematika Diskrit,V.1,Informatika,2017,510 RL,Bandung,978-602-3456-06-6,Matematika
,07-510,Handoko Wibowo,Logika Matematika,V.1,UGM Press,2021,510 HW,Yogyakarta,978-602-3456-07-3,Matematika
,08-510,Candra Dewi,Matematika Terapan,V.1,Unpad Press,2018,510 CD,Bandung,978-602-3456-08-0,Matematika
,09-510,Budi Satrio,Matriks dan Transformasi Linier,V.2,Andi Publisher,2020,510 BS,Yogyakarta,978-602-3456-09-7,Matematika
,10-510,Nani Hartati,Persamaan Diferensial Biasa,V.1,Salemba Empat,2016,510 NH,Jakarta,978-602-3456-10-3,Matematika
,11-510,Aulia Pramudya,Statistik Lanjut,V.1,Graha Ilmu,2022,510 AP,Bandung,978-602-3456-11-0,Matematika
,12-510,Sukma Dewi,Matematika Keuangan,V.2,Deepublish,2017,510 SD,Jakarta,978-602-3456-12-7,Matematika
,13-510,Rio Nurdiansyah,Pengantar Kalkulus,V.1,Erlangga,2019,510 RN,Jakarta,978-602-3456-13-4,Matematika
,14-510,Wulan Maharani,Matematika Ekonomi,V.1,UGM Press,2015,510 WM,Yogyakarta,978-602-3456-14-1,Matematika
,15-510,Tegar Pambudi,Metode Numerik,V.1,Andi Publisher,2020,510 TP,Yogyakarta,978-602-3456-15-8,Matematika
,16-510,Yohana Sari,Aritmatika Sosial,V.1,LPPM Press,2018,510 YS,Bandung,978-602-3456-16-5,Matematika
,17-510,Agung Prasetyo,Kalkulus Multivariat,V.2,Salemba Empat,2022,510 AG,Jakarta,978-602-3456-17-2,Matematika
,18-510,Euis Andriyani,Trigonometri Dasar,V.1,Graha Ilmu,2017,510 EA,Bandung,978-602-3456-18-9,Matematika
,19-510,Luki Nugroho,Teori Bilangan,V.1,Deepublish,2021,510 LN,Jakarta,978-602-3456-19-6,Matematika
,20-510,Dani Firmansyah,Matematika Statistik,V.1,Informatika,2016,510 DF,Bandung,978-602-3456-20-2,Matematika
,01-600,Arif Susanto,Teknologi Komunikasi Modern,V.1,Andi Publisher,2020,600 AS,Yogyakarta,978-602-1234-01-1,Teknologi
,02-600,Budi Santoso,Revolusi Industri 4.0,V.1,Salemba Empat,2019,600 BS,Jakarta,978-623-02-1234-2,Teknologi
,03-600,Clara Wijaya,Pengantar Teknologi Informasi,V.2,Graha Ilmu,2021,600 CW,Bandung,978-602-9876-12-3,Teknologi
,04-600,Dimas Prasetya,Internet of Things dalam Kehidupan Sehari-hari,V.1,EGC,2022,600 DP,Surabaya,978-623-4567-45-4,Teknologi
,05-600,Endang Lestari,Sistem Komputer Dasar,V.3,Deepublish,2018,600 EL,Jakarta,978-602-7654-33-2,Teknologi
,06-600,Fajar Maulana,Teknologi dan Masyarakat Digital,V.1,Erlangga,2019,600 FM,Bandung,978-623-02-8765-0,Teknologi
,07-600,Gita Putri,Aplikasi Mobile dan Masa Depan,V.1,Andi Publisher,2020,600 GP,Yogyakarta,978-602-1234-22-2,Teknologi
,08-600,Hendra Saputra,Jaringan Komputer dan Keamanan Siber,V.2,Salemba Medika,2021,600 HS,Jakarta,978-623-02-9999-8,Teknologi
,09-600,Irwan Kurniawan,Teknologi Cloud Computing,V.1,Graha Ilmu,2023,600 IK,Bandung,978-602-1111-90-3,Teknologi
,10-600,Jenny Aditya,Dasar-Dasar Artificial Intelligence,V.1,Deepublish,2022,600 JA,Jakarta,978-623-02-3456-9,Teknologi
,11-600,Kevin Santoso,Robotika Dasar,V.1,Erlangga,2021,600 KS,Surabaya,978-602-7654-88-8,Teknologi
,12-600,Lanny Susanti,Pemrograman Python untuk Pemula,V.1,Andi Publisher,2020,600 LS,Yogyakarta,978-602-7654-99-9,Teknologi
,13-600,M. Rizal,Big Data dan Analisis Data Modern,V.1,Salemba Empat,2021,600 MR,Jakarta,978-623-1234-65-0,Teknologi
,14-600,Nadia Fauziah,Teknologi Biometrik,V.1,Graha Ilmu,2019,600 NF,Bandung,978-602-9999-34-4,Teknologi
,15-600,Oka Pratama,Sistem Informasi Manajemen,V.1,Deepublish,2018,600 OP,Jakarta,978-623-02-1111-0,Teknologi
,16-600,Putri Anggraeni,Teknologi Augmented Reality,V.1,Erlangga,2020,600 PA,Bandung,978-602-1234-78-5,Teknologi
,17-600,Qori Rahmawati,Etika Teknologi Digital,V.1,Salemba Medika,2021,600 QR,Jakarta,978-623-02-7532-6,Teknologi
,18-600,Raka Widodo,Blockchain dan Aplikasinya,V.1,Andi Publisher,2022,600 RW,Yogyakarta,978-602-2345-12-4,Teknologi
,19-600,Siska Damayanti,Teknologi Multimedia,V.2,Graha Ilmu,2020,600 SD,Surabaya,978-623-4567-22-1,Teknologi
,20-600,Taufik Hidayat,Sistem Operasi Komputer,V.1,Deepublish,2021,600 TH,Jakarta,978-602-7654-90-1,Teknologi
,21-600,Umi Kalsum,Keamanan Informasi dan Enkripsi Data,V.1,Salemba Empat,2022,600 UK,Jakarta,978-623-02-8412-0,Teknologi
,22-600,Vino Ramadhan,Teknologi Pertanian Presisi,V.1,Deepublish,2020,600 VR,Bandung,978-602-9999-56-5,Teknologi
,23-600,Wahyu D. Santika,Mobile Computing dan Aplikasinya,V.2,Erlangga,2021,600 WS,Surabaya,978-602-8888-45-3,Teknologi
,24-600,Yenny Marlina,Teknologi Energi Terbarukan,V.1,Andi Publisher,2019,600 YM,Yogyakarta,978-602-1234-99-6,Teknologi
,25-600,Zaki Haris,Otomasi Rumah dengan IoT,V.1,Graha Ilmu,2021,600 ZH,Jakarta,978-623-4567-91-7,Teknologi
,26-600,Alvin Kurniawan,Pengantar Teknologi Nirkabel,V.1,Deepublish,2023,600 AK,Bandung,978-602-7654-23-3,Teknologi
,27-600,Bella Fitria,Teknologi GPS dan Navigasi Digital,V.1,Salemba Medika,2020,600 BF,Jakarta,978-623-02-9832-2,Teknologi
,28-600,Chandra Hidayat,Teknologi Virtualisasi,V.1,Erlangga,2021,600 CH,Surabaya,978-602-1234-34-1,Teknologi
,29-600,Devi Larasati,Smart City: Konsep dan Implementasi,V.1,Andi Publisher,2022,600 DL,Yogyakarta,978-602-1111-76-0,Teknologi
,30-600,Edo Purnomo,Pengantar Sistem Embedded,V.2,Graha Ilmu,2019,600 EP,Jakarta,978-623-02-1100-0,Teknologi
,31-600,Farah Nabila,Teknologi Wearable Devices,V.1,Deepublish,2020,600 FN,Bandung,978-602-8730-67-5,Teknologi
,32-600,Galih Kuncoro,Teknologi 5G dan Jaringan Masa Depan,V.1,Salemba Empat,2021,600 GK,Jakarta,978-623-02-2111-3,Teknologi
,33-600,Haniyah Ayu,Pemrograman IoT dengan Arduino,V.1,Erlangga,2022,600 HA,Surabaya,978-602-8888-76-2,Teknologi
,34-600,Iqbal Prasetyo,Smart Farming dengan Sensor Digital,V.1,Andi Publisher,2023,600 IP,Yogyakarta,978-602-1234-12-9,Teknologi
,35-600,Jihan Nurul,Teknologi Pengolahan Citra Digital,V.1,Graha Ilmu,2021,600 JN,Jakarta,978-623-02-9312-7,Teknologi
,36-600,Kiki Hermansyah,Teknologi dalam Pendidikan,V.1,Deepublish,2020,600 KH,Bandung,978-602-7654-71-4,Teknologi
,37-600,Luthfi Hakim,Komputasi Awan dan Layanan Web,V.2,Salemba Medika,2022,600 LH,Jakarta,978-623-02-2022-0,Teknologi
,38-600,Marsha Agustin,Mengenal Kecerdasan Buatan,V.1,Erlangga,2019,600 MA,Surabaya,978-602-1234-03-7,Teknologi
,39-600,Nadia Syifa,Teknologi Digital untuk Bisnis,V.1,Andi Publisher,2021,600 NS,Yogyakarta,978-602-7654-35-7,Teknologi
,40-600,Oktaviano Lazuardi,Teknologi Blockchain untuk Pemula,V.1,Graha Ilmu,2020,600 OL,Jakarta,978-623-4567-93-1,Teknologi
,41-600,Prima Hapsari,Sensor dan Aktuator dalam Otomatisasi,V.1,Deepublish,2023,600 PH,Bandung,978-602-1234-88-3,Teknologi
,42-600,Qomarul Zaman,Teknologi Drone dan Aplikasinya,V.1,Salemba Empat,2020,600 QZ,Jakarta,978-623-02-0009-5,Teknologi
,43-600,Rani Wulandari,Teknologi Big Data dalam Pemerintahan,V.1,Erlangga,2022,600 RW,Surabaya,978-602-8888-97-7,Teknologi
,44-600,Steven Lie,Digitalisasi Sistem Keuangan,V.1,Andi Publisher,2023,600 SL,Yogyakarta,978-602-1111-89-0,Teknologi
,45-600,Triana Aulia,Teknologi Manufaktur Digital,V.1,Graha Ilmu,2021,600 TA,Jakarta,978-623-02-6754-8,Teknologi
,46-600,Ulfa Suryani,Perangkat Lunak dan Rekayasa Perangkat,V.1,Deepublish,2022,600 US,Bandung,978-602-8730-69-9,Teknologi
,47-600,Victor Hadi,Teknologi Virtual Reality,V.1,Salemba Medika,2020,600 VH,Jakarta,978-623-02-4567-2,Teknologi
,48-600,Wina Kartika,Teknologi dalam Layanan Kesehatan Digital,V.1,Erlangga,2021,600 WK,Surabaya,978-602-1234-09-4,Teknologi
,49-600,Yasin Faizal,Sistem Digital dan Elektronika Dasar,V.1,Andi Publisher,2019,600 YF,Yogyakarta,978-602-7654-11-1,Teknologi
,50-600,Zulaikha Arif,Teknologi Kamera Pintar,V.1,Graha Ilmu,2022,600 ZA,Jakarta,978-623-4567-04-5,Teknologi
,51-600,Rendi Prayoga,Pengantar Machine Learning,V.1,Deepublish,2022,600 RP,Bandung,978-602-7654-91-4,Teknologi
,52-600,Sinta Dewi,Data Mining: Teknik dan Aplikasi,V.1,Andi Publisher,2021,600 SD,Yogyakarta,978-602-1234-78-0,Teknologi
,53-600,Firman Fadli,Artificial Intelligence untuk Pemula,V.1,Graha Ilmu,2020,600 FF,Jakarta,978-623-4567-88-7,Teknologi
,54-600,Dina Lestari,Deep Learning: Konsep dan Implementasi,V.1,Salemba Empat,2023,600 DL,Jakarta,978-623-02-4432-1,Teknologi
,55-600,Hendri Kurniawan,Machine Learning dengan Python,V.2,Erlangga,2022,600 HK,Surabaya,978-602-8888-44-3,Teknologi
,56-600,Ajeng Larasati,Big Data: Arsitektur dan Pemanfaatannya,V.1,Deepublish,2020,600 AL,Bandung,978-602-8730-78-1,Teknologi
,57-600,Riko Ananta,Natural Language Processing untuk Pemula,V.1,Andi Publisher,2021,600 RA,Yogyakarta,978-602-7654-28-0,Teknologi
,58-600,Tika Nurhaliza,Reinforcement Learning: Teori dan Praktik,V.1,Graha Ilmu,2022,600 TN,Jakarta,978-623-4567-97-9,Teknologi
,59-600,Wahyu Saputra,Vision AI: Pemrosesan Citra dan Aplikasinya,V.1,Erlangga,2021,600 WS,Surabaya,978-602-1234-58-2,Teknologi
,60-600,Yoseph Immanuel,Machine Learning untuk Sistem Rekomendasi,V.1,Deepublish,2023,600 YI,Bandung,978-602-8730-99-6,Teknologi
,01-910,Rina Wijayanti,Geografi Dasar untuk SMA,V.1,Grafindo,2018,910 RW,Jakarta,978-602-1142-01-3,Geografi
,02-910,Budi Santosa,Geografi Fisik: Bumi dan Lingkungannya,V.2,Erlangga,2019,910 BS,Bandung,978-602-1214-05-4,Geografi
,03-910,Luki Pratama,Pengantar Geografi Manusia,V.1,Andi Publisher,2020,910 LP,Yogyakarta,978-602-2345-08-9,Geografi
,04-910,Yuliana Sari,Sistem Informasi Geografis,V.1,Deepublish,2021,910 YS,Surabaya,978-623-4567-45-6,Geografi
,05-910,Dimas Riyadi,Dinamika Iklim dan Perubahan Global,V.1,Salemba Empat,2022,910 DR,Jakarta,978-602-7654-77-1,Geografi
,06-910,Ari Wibowo,Pemetaan Digital dan Geospasial,V.2,Graha Ilmu,2020,910 AW,Bandung,978-623-02-3344-9,Geografi
,07-910,Fadli Akbar,Lingkungan Hidup dan Sumber Daya Alam,V.1,Bumi Aksara,2018,910 FA,Jakarta,978-602-8730-33-1,Geografi
,08-910,Siska Lestari,Geografi Regional Indonesia,V.2,Andi Publisher,2021,910 SL,Yogyakarta,978-602-1234-77-8,Geografi
,09-910,Hendra Yulian,Hidrologi dan Pengelolaan Air,V.1,Deepublish,2022,910 HY,Bandung,978-623-4567-19-7,Geografi
,10-910,Rafi Dwi,Tata Ruang Wilayah dan Perkotaan,V.1,Grafindo,2020,910 RD,Jakarta,978-602-1142-12-1,Geografi
,11-910,Meutia Hapsari,Geografi dan Ketahanan Bencana,V.1,Graha Ilmu,2021,910 MH,Bandung,978-623-8888-61-5,Geografi
,12-910,Arif Fajar,Kartografi Dasar,V.1,Erlangga,2019,910 AF,Surabaya,978-602-1214-99-3,Geografi
,13-910,Dian Mayasari,Geografi Penduduk,V.1,Salemba Empat,2018,910 DM,Jakarta,978-602-7654-31-3,Geografi
,14-910,Rendy Hidayat,Geografi Pariwisata,V.1,Deepublish,2022,910 RH,Bandung,978-623-4567-13-5,Geografi
,15-910,Melati Larasati,Geografi Ekonomi dan Globalisasi,V.1,Grafindo,2021,910 ML,Jakarta,978-602-1142-35-0,Geografi
,16-910,Dedi Prakoso,Lingkungan Tropis dan Perubahan Iklim,V.1,Andi Publisher,2020,910 DP,Yogyakarta,978-602-1234-66-2,Geografi
,17-910,Yana Fitriani,Geografi Perkotaan Modern,V.2,Salemba Empat,2021,910 YF,Jakarta,978-623-4567-51-7,Geografi
,18-910,Tommy Saputra,Ekosistem dan Kehidupan Manusia,V.1,Graha Ilmu,2020,910 TS,Surabaya,978-623-02-7766-5,Geografi
,19-910,Ratna Herlina,Geografi dan Ketahanan Pangan,V.1,Deepublish,2021,910 RH,Bandung,978-602-7654-91-2,Geografi
,20-910,Agus Pratama,Pengantar Geografi Lingkungan,V.1,Erlangga,2022,910 AP,Jakarta,978-602-8730-11-0,Geografi
